	// 1116.6.0
	 #pragma once
const uint32_t fh1_native_resolve_memory_color_cs[] = {
	0x07230203,0x00010000,0x0008000b,0x000016f8,0x00000000,0x00020011,0x00000001,0x0006000b,
	0x00000001,0x4c534c47,0x6474732e,0x3035342e,0x00000000,0x0003000e,0x00000000,0x00000001,
	0x0006000f,0x00000005,0x00000004,0x6e69616d,0x00000000,0x000005ea,0x00060010,0x00000004,
	0x00000011,0x00000008,0x00000008,0x00000001,0x00030003,0x00000005,0x000001f4,0x00040005,
	0x00000004,0x6e69616d,0x00000000,0x00070005,0x0000032e,0x5f316866,0x72756f73,0x635f6563,
	0x726f6c6f,0x00000000,0x000a0005,0x00000413,0x4e316846,0x76697461,0x73655265,0x65766c6f,
	0x6f6d654d,0x6f437972,0x6174736e,0x0073746e,0x00070006,0x00000413,0x00000000,0x5f316866,
	0x74636572,0x69726f5f,0x006e6967,0x00070006,0x00000413,0x00000001,0x5f316866,0x74636572,
	0x7a69735f,0x00000065,0x00080006,0x00000413,0x00000002,0x5f316866,0x6f736572,0x5f65766c,
	0x6f79616c,0x00007475,0x00080006,0x00000413,0x00000003,0x5f316866,0x656e776f,0x616c5f72,
	0x74756f79,0x00000000,0x00080006,0x00000413,0x00000004,0x5f316866,0x706d6173,0x735f656c,
	0x63656c65,0x00000074,0x00070006,0x00000413,0x00000005,0x5f316866,0x74736564,0x666e695f,
	0x0000006f,0x00070006,0x00000413,0x00000006,0x5f316866,0x74736564,0x7361625f,0x00000065,
	0x00070006,0x00000413,0x00000007,0x5f316866,0x74736564,0x7469705f,0x00006863,0x00030005,
	0x00000415,0x00000000,0x00050005,0x000004e9,0x5f316866,0x6f6d656d,0x00007972,0x00050006,
	0x000004e9,0x00000000,0x74616440,0x00000061,0x00050005,0x000004eb,0x5f316866,0x6f6d656d,
	0x00007972,0x00040005,0x000005ea,0x65726874,0x00006461,0x00040047,0x0000032e,0x00000021,
	0x00000010,0x00040047,0x0000032e,0x00000022,0x00000000,0x00030047,0x00000413,0x00000002,
	0x00050048,0x00000413,0x00000000,0x00000023,0x00000000,0x00050048,0x00000413,0x00000001,
	0x00000023,0x00000004,0x00050048,0x00000413,0x00000002,0x00000023,0x00000008,0x00050048,
	0x00000413,0x00000003,0x00000023,0x0000000c,0x00050048,0x00000413,0x00000004,0x00000023,
	0x00000010,0x00050048,0x00000413,0x00000005,0x00000023,0x00000014,0x00050048,0x00000413,
	0x00000006,0x00000023,0x00000018,0x00050048,0x00000413,0x00000007,0x00000023,0x0000001c,
	0x00040047,0x000004e8,0x00000006,0x00000004,0x00030047,0x000004e9,0x00000003,0x00050048,
	0x000004e9,0x00000000,0x00000023,0x00000000,0x00040047,0x000004eb,0x00000021,0x00000020,
	0x00040047,0x000004eb,0x00000022,0x00000000,0x00040047,0x000005ea,0x0000000b,0x0000001c,
	0x00020013,0x00000002,0x00030021,0x00000003,0x00000002,0x00040015,0x00000006,0x00000020,
	0x00000000,0x00040017,0x00000007,0x00000006,0x00000002,0x00040020,0x00000008,0x00000007,
	0x00000007,0x00040020,0x00000009,0x00000007,0x00000006,0x00030016,0x00000025,0x00000020,
	0x00040020,0x00000026,0x00000007,0x00000025,0x00040017,0x0000003b,0x00000025,0x00000004,
	0x00040020,0x0000003c,0x00000007,0x0000003b,0x00040015,0x0000005b,0x00000020,0x00000001,
	0x00040017,0x0000007d,0x00000006,0x00000003,0x0004002b,0x00000025,0x00000085,0x42000000,
	0x0004002b,0x00000006,0x00000088,0x00000001,0x0004002b,0x00000006,0x0000008b,0x00000000,
	0x0005002c,0x00000007,0x0000008c,0x0000008b,0x0000008b,0x0004002b,0x00000006,0x00000097,
	0x000007ff,0x0004002b,0x00000006,0x0000009c,0x0000000b,0x0004002b,0x00000006,0x0000009e,
	0x000000ff,0x0004002b,0x00000006,0x000000a3,0x00000013,0x0004002b,0x00000006,0x000000a5,
	0x00000003,0x0004002b,0x00000006,0x000000aa,0x00000015,0x0004002b,0x00000006,0x000000b0,
	0x00000016,0x0004002b,0x00000006,0x000000b6,0x00000017,0x0004002b,0x00000006,0x000000b8,
	0x0000000f,0x0004002b,0x00000025,0x000000c4,0x00000000,0x0004002b,0x00000025,0x000000c5,
	0x41ff0000,0x0004002b,0x00000006,0x000000ca,0x3e800000,0x00020014,0x000000cb,0x0004002b,
	0x00000006,0x000000cd,0x00800000,0x0004002b,0x00000006,0x000000cf,0x007fffff,0x0004002b,
	0x00000006,0x000000d2,0x0000007d,0x0004002b,0x00000006,0x000000d6,0x00000018,0x0004002b,
	0x00000006,0x000000da,0xc2000000,0x0004002b,0x00000006,0x000000de,0x00007fff,0x0004002b,
	0x00000006,0x000000e1,0x00000010,0x0004002b,0x00000006,0x000000e6,0x000003ff,0x0004002b,
	0x00000006,0x000000ee,0x0000007f,0x0004002b,0x00000006,0x000000f2,0x00000007,0x0004002b,
	0x00000006,0x000000fc,0x0000001f,0x0004002b,0x0000005b,0x00000101,0x00000001,0x0004002b,
	0x00000006,0x0000010d,0x0000007c,0x0004002b,0x00000025,0x00000118,0x3f800000,0x0004002b,
	0x00000025,0x0000011b,0x3e002008,0x0004002b,0x00000025,0x00000120,0x3f002008,0x0004002b,
	0x00000025,0x00000125,0x42ffc000,0x0004002b,0x00000025,0x00000127,0x3f008081,0x0004002b,
	0x00000025,0x00000129,0x437fc000,0x0004002b,0x00000025,0x0000012a,0x3e808081,0x0004002b,
	0x00000025,0x0000012d,0x3d802008,0x0004002b,0x00000025,0x00000131,0x43ffc000,0x0004002b,
	0x00000025,0x00000132,0x3e008081,0x0004002b,0x00000025,0x00000134,0x447fc000,0x0004002b,
	0x00000025,0x00000139,0x3b808081,0x0004002b,0x0000005b,0x00000142,0x00000010,0x0004002b,
	0x00000025,0x00000145,0x38000100,0x0004002b,0x00000025,0x00000147,0xbf800000,0x0004002b,
	0x00000025,0x00000151,0x3f000000,0x0004002b,0x00000025,0x0000015d,0x437f0000,0x0004002b,
	0x00000006,0x00000168,0x00000008,0x0004002b,0x00000006,0x0000016c,0x00000002,0x0004002b,
	0x00000006,0x00000185,0x0000000a,0x0004002b,0x00000006,0x0000018d,0x00000014,0x0004002b,
	0x00000025,0x00000190,0x40400000,0x0004002b,0x00000006,0x00000196,0x0000001e,0x00040017,
	0x000001de,0x00000025,0x00000003,0x0004002b,0x00000025,0x000001e0,0x3a802008,0x0004002b,
	0x00000025,0x000001e5,0x3eaaaaab,0x00040017,0x0000020b,0x00000025,0x00000002,0x0007002c,
	0x0000003b,0x00000214,0x000000c4,0x000000c4,0x000000c4,0x000000c4,0x0004002b,0x00000006,
	0x000002a2,0x00000050,0x0004002b,0x00000006,0x000002a9,0x00000004,0x0004002b,0x00000006,
	0x000002e0,0x00000028,0x00040017,0x00000304,0x0000005b,0x00000002,0x00090019,0x0000032c,
	0x00000025,0x00000001,0x00000000,0x00000000,0x00000000,0x00000001,0x00000000,0x00040020,
	0x0000032d,0x00000000,0x0000032c,0x0004003b,0x0000032d,0x0000032e,0x00000000,0x0004002b,
	0x0000005b,0x00000331,0x00000000,0x00040017,0x00000332,0x0000005b,0x00000003,0x0004002b,
	0x00000006,0x00000365,0xffffffe0,0x0004002b,0x0000005b,0x00000369,0x00000005,0x0004002b,
	0x0000005b,0x00000377,0x00000007,0x0004002b,0x0000005b,0x0000037a,0x0000000e,0x0004002b,
	0x0000005b,0x0000037c,0x00000002,0x0004002b,0x0000005b,0x00000384,0xfffffff0,0x0004002b,
	0x0000005b,0x00000389,0x0000000f,0x0004002b,0x0000005b,0x0000038e,0x00000004,0x0004002b,
	0x0000005b,0x00000392,0xfffffe00,0x0004002b,0x0000005b,0x00000394,0x00000003,0x0004002b,
	0x0000005b,0x0000039b,0x000001c0,0x0004002b,0x0000005b,0x000003a0,0x00000008,0x0004002b,
	0x0000005b,0x000003a7,0x00000006,0x0004002b,0x0000005b,0x000003ab,0x0000003f,0x0004002b,
	0x00000006,0x000003d1,0xfffffff0,0x0004002b,0x00000006,0x000003ec,0x00ff00ff,0x0004002b,
	0x00000006,0x000003f0,0xff00ff00,0x000a001e,0x00000413,0x00000006,0x00000006,0x00000006,
	0x00000006,0x00000006,0x00000006,0x00000006,0x00000006,0x00040020,0x00000414,0x00000009,
	0x00000413,0x0004003b,0x00000414,0x00000415,0x00000009,0x00040020,0x00000416,0x00000009,
	0x00000006,0x0004002b,0x00000006,0x0000041f,0x00000012,0x0004002b,0x00000006,0x0000045d,
	0x0000ffff,0x00040017,0x00000466,0x000000cb,0x00000002,0x0003001d,0x000004e8,0x00000006,
	0x0003001e,0x000004e9,0x000004e8,0x00040020,0x000004ea,0x00000002,0x000004e9,0x0004003b,
	0x000004ea,0x000004eb,0x00000002,0x00040020,0x000004f7,0x00000002,0x00000006,0x0004002b,
	0x0000005b,0x00000520,0x00000018,0x0004002b,0x0000005b,0x00000522,0x0000007f,0x0004002b,
	0x00000006,0x0000052c,0x00000006,0x0004002b,0x00000006,0x0000056a,0x00000005,0x0004002b,
	0x00000025,0x0000056f,0x477fff00,0x00040020,0x000005e9,0x00000001,0x0000007d,0x0004003b,
	0x000005e9,0x000005ea,0x00000001,0x00050036,0x00000002,0x00000004,0x00000000,0x00000003,
	0x000200f8,0x00000005,0x0004003b,0x0000003c,0x00000e55,0x00000007,0x0004003b,0x0000003c,
	0x00000e5b,0x00000007,0x0004003b,0x00000008,0x00000e10,0x00000007,0x0004003b,0x0000003c,
	0x00000b97,0x00000007,0x0004003b,0x0000003c,0x00000b9d,0x00000007,0x0004003b,0x00000008,
	0x00000b52,0x00000007,0x0004003b,0x00000008,0x00000b35,0x00000007,0x0004003b,0x0000003c,
	0x0000088c,0x00000007,0x0004003b,0x0000003c,0x00000892,0x00000007,0x0004003b,0x00000008,
	0x00000847,0x00000007,0x0004003b,0x00000008,0x0000060b,0x00000007,0x0004003b,0x00000008,
	0x00000614,0x00000007,0x0004003b,0x00000008,0x00000615,0x00000007,0x0004003b,0x0000003c,
	0x00000625,0x00000007,0x0004003b,0x0000003c,0x0000062e,0x00000007,0x0004003b,0x0000003c,
	0x00000633,0x00000007,0x0004003b,0x00000008,0x0000063a,0x00000007,0x0004003b,0x00000008,
	0x0000064c,0x00000007,0x0004003d,0x0000007d,0x000005eb,0x000005ea,0x000300f7,0x00000786,
	0x00000000,0x000300fb,0x0000008b,0x00000657,0x000200f8,0x00000657,0x00050041,0x00000416,
	0x00000658,0x00000415,0x00000101,0x0004003d,0x00000006,0x00000659,0x00000658,0x000500c7,
	0x00000006,0x0000065a,0x00000659,0x0000045d,0x00050041,0x00000416,0x0000065b,0x00000415,
	0x00000101,0x0004003d,0x00000006,0x0000065c,0x0000065b,0x000500c2,0x00000006,0x0000065d,
	0x0000065c,0x000000e1,0x00050050,0x00000007,0x0000065e,0x0000065a,0x0000065d,0x0007004f,
	0x00000007,0x00000660,0x000005eb,0x000005eb,0x00000000,0x00000001,0x000500ae,0x00000466,
	0x00000662,0x00000660,0x0000065e,0x0004009a,0x000000cb,0x00000663,0x00000662,0x000300f7,
	0x00000665,0x00000000,0x000400fa,0x00000663,0x00000664,0x00000665,0x000200f8,0x00000664,
	0x000200f9,0x00000786,0x000200f8,0x00000665,0x00050041,0x00000416,0x00000666,0x00000415,
	0x00000331,0x0004003d,0x00000006,0x00000667,0x00000666,0x000500c7,0x00000006,0x00000668,
	0x00000667,0x0000045d,0x00050041,0x00000416,0x00000669,0x00000415,0x00000331,0x0004003d,
	0x00000006,0x0000066a,0x00000669,0x000500c2,0x00000006,0x0000066b,0x0000066a,0x000000e1,
	0x00050050,0x00000007,0x0000066c,0x00000668,0x0000066b,0x0007004f,0x00000007,0x0000066e,
	0x000005eb,0x000005eb,0x00000000,0x00000001,0x00050080,0x00000007,0x0000066f,0x0000066c,
	0x0000066e,0x0003003e,0x0000060b,0x0000066f,0x00050041,0x00000416,0x00000670,0x00000415,
	0x00000369,0x0004003d,0x00000006,0x00000671,0x00000670,0x000500c2,0x00000006,0x00000672,
	0x00000671,0x000000a3,0x000500c7,0x00000006,0x00000673,0x00000672,0x00000088,0x000500ab,
	0x000000cb,0x00000674,0x00000673,0x0000008b,0x000600a9,0x00000025,0x00000675,0x00000674,
	0x00000085,0x00000118,0x00050041,0x00000416,0x00000676,0x00000415,0x00000369,0x0004003d,
	0x00000006,0x00000677,0x00000676,0x000500c2,0x00000006,0x00000678,0x00000677,0x0000018d,
	0x000500c7,0x00000006,0x00000679,0x00000678,0x000000a5,0x00050080,0x00000006,0x0000067a,
	0x00000679,0x00000088,0x00050041,0x00000416,0x0000067b,0x00000415,0x00000369,0x0004003d,
	0x00000006,0x0000067c,0x0000067b,0x000500c2,0x00000006,0x0000067d,0x0000067c,0x000000b0,
	0x000500c7,0x00000006,0x0000067e,0x0000067d,0x00000088,0x000500ab,0x000000cb,0x0000067f,
	0x0000067e,0x0000008b,0x000300f7,0x00000688,0x00000000,0x000400fa,0x0000067f,0x00000681,
	0x00000683,0x000200f8,0x00000683,0x0004003d,0x00000007,0x00000684,0x0000060b,0x00050050,
	0x00000007,0x0000078b,0x0000067a,0x0000067a,0x00050089,0x00000007,0x0000078c,0x00000684,
	0x0000078b,0x00050050,0x00000007,0x0000078f,0x0000067a,0x0000067a,0x00050086,0x00000007,
	0x00000790,0x00000684,0x0000078f,0x0003003e,0x0000060b,0x00000790,0x000200f9,0x00000688,
	0x000200f8,0x00000681,0x000200f9,0x00000688,0x000200f8,0x00000688,0x000700f5,0x00000007,
	0x000015ee,0x0000008c,0x00000681,0x0000078c,0x00000683,0x00050041,0x00000416,0x00000689,
	0x00000415,0x00000369,0x0004003d,0x00000006,0x0000068a,0x00000689,0x000500c7,0x00000006,
	0x0000068b,0x0000068a,0x000000f2,0x00050041,0x00000416,0x0000068c,0x00000415,0x00000369,
	0x0004003d,0x00000006,0x0000068d,0x0000068c,0x000500c2,0x00000006,0x0000068e,0x0000068d,
	0x000000a5,0x000500c7,0x00000006,0x0000068f,0x0000068e,0x000000f2,0x00050041,0x00000416,
	0x00000690,0x00000415,0x00000369,0x0004003d,0x00000006,0x00000691,0x00000690,0x000500c2,
	0x00000006,0x00000692,0x00000691,0x000000e1,0x000500c7,0x00000006,0x00000693,0x00000692,
	0x000000a5,0x000500ac,0x000000cb,0x00000695,0x0000067a,0x00000088,0x000400a8,0x000000cb,
	0x00000697,0x0000067f,0x000500a7,0x000000cb,0x00000698,0x00000695,0x00000697,0x000300f7,
	0x000006b7,0x00000002,0x000400fa,0x00000698,0x00000699,0x000006a8,0x000200f8,0x000006a8,
	0x00050041,0x00000416,0x000006a9,0x00000415,0x000003a7,0x0004003d,0x00000006,0x000006aa,
	0x000006a9,0x00050041,0x00000009,0x000006ab,0x0000060b,0x0000008b,0x0004003d,0x00000006,
	0x000006ac,0x000006ab,0x0004007c,0x0000005b,0x000006ad,0x000006ac,0x00050041,0x00000009,
	0x000006ae,0x0000060b,0x00000088,0x0004003d,0x00000006,0x000006af,0x000006ae,0x0004007c,
	0x0000005b,0x000006b0,0x000006af,0x00050041,0x00000416,0x000006b1,0x00000415,0x00000377,
	0x0004003d,0x00000006,0x000006b2,0x000006b1,0x00050080,0x00000006,0x0000080c,0x000006b2,
	0x000000fc,0x000500c7,0x00000006,0x0000080d,0x0000080c,0x00000365,0x000500c3,0x0000005b,
	0x0000080f,0x000006ad,0x00000369,0x000500c3,0x0000005b,0x00000811,0x000006b0,0x00000369,
	0x000500c2,0x00000006,0x00000813,0x0000080d,0x00000369,0x0004007c,0x0000005b,0x00000814,
	0x00000813,0x00050084,0x0000005b,0x00000815,0x00000811,0x00000814,0x00050080,0x0000005b,
	0x00000816,0x0000080f,0x00000815,0x00050080,0x00000006,0x00000818,0x00000693,0x000000f2,
	0x000500c4,0x0000005b,0x00000819,0x00000816,0x00000818,0x000500c7,0x0000005b,0x0000081b,
	0x000006ad,0x00000377,0x000500c7,0x0000005b,0x0000081d,0x000006b0,0x0000037a,0x000500c4,
	0x0000005b,0x0000081e,0x0000081d,0x0000037c,0x00050080,0x0000005b,0x0000081f,0x0000081b,
	0x0000081e,0x000500c4,0x0000005b,0x00000821,0x0000081f,0x00000693,0x000500c7,0x0000005b,
	0x00000824,0x00000821,0x00000384,0x000500c4,0x0000005b,0x00000825,0x00000824,0x00000101,
	0x00050080,0x0000005b,0x00000826,0x00000819,0x00000825,0x000500c7,0x0000005b,0x00000828,
	0x00000821,0x00000389,0x00050080,0x0000005b,0x00000829,0x00000826,0x00000828,0x000500c7,
	0x0000005b,0x0000082b,0x000006b0,0x00000101,0x000500c4,0x0000005b,0x0000082c,0x0000082b,
	0x0000038e,0x00050080,0x0000005b,0x0000082d,0x00000829,0x0000082c,0x000500c7,0x0000005b,
	0x0000082f,0x0000082d,0x00000392,0x000500c4,0x0000005b,0x00000830,0x0000082f,0x00000394,
	0x000500c7,0x0000005b,0x00000832,0x000006b0,0x00000142,0x000500c4,0x0000005b,0x00000833,
	0x00000832,0x00000377,0x00050080,0x0000005b,0x00000834,0x00000830,0x00000833,0x000500c7,
	0x0000005b,0x00000836,0x0000082d,0x0000039b,0x000500c4,0x0000005b,0x00000837,0x00000836,
	0x0000037c,0x00050080,0x0000005b,0x00000838,0x00000834,0x00000837,0x000500c7,0x0000005b,
	0x0000083a,0x000006b0,0x000003a0,0x000500c3,0x0000005b,0x0000083b,0x0000083a,0x0000037c,
	0x000500c3,0x0000005b,0x0000083d,0x000006ad,0x00000394,0x00050080,0x0000005b,0x0000083e,
	0x0000083b,0x0000083d,0x000500c7,0x0000005b,0x0000083f,0x0000083e,0x00000394,0x000500c4,
	0x0000005b,0x00000840,0x0000083f,0x000003a7,0x00050080,0x0000005b,0x00000841,0x00000838,
	0x00000840,0x000500c7,0x0000005b,0x00000843,0x0000082d,0x000003ab,0x00050080,0x0000005b,
	0x00000844,0x00000841,0x00000843,0x0004007c,0x00000006,0x000006b5,0x00000844,0x00050080,
	0x00000006,0x000006b6,0x000006aa,0x000006b5,0x000200f9,0x000006b7,0x000200f8,0x00000699,
	0x00050041,0x00000416,0x0000069a,0x00000415,0x000003a7,0x0004003d,0x00000006,0x0000069b,
	0x0000069a,0x00050084,0x00000006,0x0000069d,0x0000069b,0x0000067a,0x00050084,0x00000006,
	0x0000069f,0x0000069d,0x0000067a,0x0004003d,0x00000007,0x000006a0,0x0000060b,0x0003003e,
	0x00000614,0x000006a0,0x0003003e,0x00000615,0x000015ee,0x00050041,0x00000416,0x000006a2,
	0x00000415,0x00000377,0x0004003d,0x00000006,0x000006a3,0x000006a2,0x00050041,0x00000009,
	0x0000079b,0x00000614,0x0000008b,0x0004003d,0x00000006,0x0000079c,0x0000079b,0x0004007c,
	0x0000005b,0x0000079d,0x0000079c,0x00050041,0x00000009,0x0000079e,0x00000614,0x00000088,
	0x0004003d,0x00000006,0x0000079f,0x0000079e,0x0004007c,0x0000005b,0x000007a0,0x0000079f,
	0x00050080,0x00000006,0x000007cd,0x000006a3,0x000000fc,0x000500c7,0x00000006,0x000007ce,
	0x000007cd,0x00000365,0x000500c3,0x0000005b,0x000007d0,0x0000079d,0x00000369,0x000500c3,
	0x0000005b,0x000007d2,0x000007a0,0x00000369,0x000500c2,0x00000006,0x000007d4,0x000007ce,
	0x00000369,0x0004007c,0x0000005b,0x000007d5,0x000007d4,0x00050084,0x0000005b,0x000007d6,
	0x000007d2,0x000007d5,0x00050080,0x0000005b,0x000007d7,0x000007d0,0x000007d6,0x00050080,
	0x00000006,0x000007d9,0x00000693,0x000000f2,0x000500c4,0x0000005b,0x000007da,0x000007d7,
	0x000007d9,0x000500c7,0x0000005b,0x000007dc,0x0000079d,0x00000377,0x000500c7,0x0000005b,
	0x000007de,0x000007a0,0x0000037a,0x000500c4,0x0000005b,0x000007df,0x000007de,0x0000037c,
	0x00050080,0x0000005b,0x000007e0,0x000007dc,0x000007df,0x000500c4,0x0000005b,0x000007e2,
	0x000007e0,0x00000693,0x000500c7,0x0000005b,0x000007e5,0x000007e2,0x00000384,0x000500c4,
	0x0000005b,0x000007e6,0x000007e5,0x00000101,0x00050080,0x0000005b,0x000007e7,0x000007da,
	0x000007e6,0x000500c7,0x0000005b,0x000007e9,0x000007e2,0x00000389,0x00050080,0x0000005b,
	0x000007ea,0x000007e7,0x000007e9,0x000500c7,0x0000005b,0x000007ec,0x000007a0,0x00000101,
	0x000500c4,0x0000005b,0x000007ed,0x000007ec,0x0000038e,0x00050080,0x0000005b,0x000007ee,
	0x000007ea,0x000007ed,0x000500c7,0x0000005b,0x000007f0,0x000007ee,0x00000392,0x000500c4,
	0x0000005b,0x000007f1,0x000007f0,0x00000394,0x000500c7,0x0000005b,0x000007f3,0x000007a0,
	0x00000142,0x000500c4,0x0000005b,0x000007f4,0x000007f3,0x00000377,0x00050080,0x0000005b,
	0x000007f5,0x000007f1,0x000007f4,0x000500c7,0x0000005b,0x000007f7,0x000007ee,0x0000039b,
	0x000500c4,0x0000005b,0x000007f8,0x000007f7,0x0000037c,0x00050080,0x0000005b,0x000007f9,
	0x000007f5,0x000007f8,0x000500c7,0x0000005b,0x000007fb,0x000007a0,0x000003a0,0x000500c3,
	0x0000005b,0x000007fc,0x000007fb,0x0000037c,0x000500c3,0x0000005b,0x000007fe,0x0000079d,
	0x00000394,0x00050080,0x0000005b,0x000007ff,0x000007fc,0x000007fe,0x000500c7,0x0000005b,
	0x00000800,0x000007ff,0x00000394,0x000500c4,0x0000005b,0x00000801,0x00000800,0x000003a7,
	0x00050080,0x0000005b,0x00000802,0x000007f9,0x00000801,0x000500c7,0x0000005b,0x00000804,
	0x000007ee,0x000003ab,0x00050080,0x0000005b,0x00000805,0x00000802,0x00000804,0x0004007c,
	0x00000006,0x000007a4,0x00000805,0x000500c2,0x00000006,0x000007a6,0x000000e1,0x00000693,
	0x000500c7,0x00000006,0x000007a8,0x000007a4,0x000000b8,0x000500c2,0x00000006,0x000007aa,
	0x000007a8,0x00000693,0x00050084,0x00000006,0x000007ac,0x000007aa,0x0000067a,0x00050041,
	0x00000009,0x000007ad,0x00000615,0x0000008b,0x0004003d,0x00000006,0x000007ae,0x000007ad,
	0x00050080,0x00000006,0x000007af,0x000007ac,0x000007ae,0x00050086,0x00000006,0x000007b2,
	0x000007af,0x000007a6,0x000500c7,0x00000006,0x000007b4,0x000007a4,0x000003d1,0x00050084,
	0x00000006,0x000007b6,0x000007b4,0x0000067a,0x00050084,0x00000006,0x000007b8,0x000007b6,
	0x0000067a,0x00050084,0x00000006,0x000007bb,0x000007b2,0x0000067a,0x00050041,0x00000009,
	0x000007bc,0x00000615,0x00000088,0x0004003d,0x00000006,0x000007bd,0x000007bc,0x00050080,
	0x00000006,0x000007be,0x000007bb,0x000007bd,0x000500c4,0x00000006,0x000007bf,0x000007be,
	0x000002a9,0x00050080,0x00000006,0x000007c0,0x000007b8,0x000007bf,0x00050089,0x00000006,
	0x000007c3,0x000007af,0x000007a6,0x000500c4,0x00000006,0x000007c5,0x000007c3,0x00000693,
	0x00050080,0x00000006,0x000007c6,0x000007c0,0x000007c5,0x00050080,0x00000006,0x000006a7,
	0x0000069f,0x000007c6,0x000200f9,0x000006b7,0x000200f8,0x000006b7,0x000700f5,0x00000006,
	0x000015f5,0x000006a7,0x00000699,0x000006b6,0x000006a8,0x00050041,0x00000416,0x000006b8,
	0x00000415,0x0000038e,0x0004003d,0x00000006,0x000006b9,0x000006b8,0x000300f7,0x000006c0,
	0x00000000,0x000900fb,0x000006b9,0x000006ba,0x00000004,0x000006bd,0x00000005,0x000006be,
	0x00000006,0x000006bf,0x000200f8,0x000006bf,0x000200f9,0x000006c0,0x000200f8,0x000006be,
	0x000200f9,0x000006c0,0x000200f8,0x000006bd,0x000200f9,0x000006c0,0x000200f8,0x000006ba,
	0x00050041,0x00000416,0x000006bb,0x00000415,0x0000038e,0x0004003d,0x00000006,0x000006bc,
	0x000006bb,0x000200f9,0x000006c0,0x000200f8,0x000006c0,0x000b00f5,0x00000006,0x0000161e,
	0x000006bc,0x000006ba,0x0000008b,0x000006bd,0x0000016c,0x000006be,0x0000008b,0x000006bf,
	0x000b00f5,0x00000006,0x000015f1,0x00000088,0x000006ba,0x0000016c,0x000006bd,0x0000016c,
	0x000006be,0x000002a9,0x000006bf,0x000500aa,0x000000cb,0x000006c2,0x0000068b,0x000002a9,
	0x000300f7,0x000006cd,0x00000000,0x000400fa,0x000006c2,0x000006c3,0x000006cd,0x000200f8,
	0x000006c3,0x000500c2,0x0000005b,0x000006c5,0x000015f5,0x0000037c,0x0004003d,0x00000007,
	0x000006c7,0x0000060b,0x00050041,0x00000416,0x0000084e,0x00000415,0x00000369,0x0004003d,
	0x00000006,0x0000084f,0x0000084e,0x000500c2,0x00000006,0x00000850,0x0000084f,0x000000f2,
	0x000500c7,0x00000006,0x00000851,0x00000850,0x00000088,0x000500ab,0x000000cb,0x00000852,
	0x00000851,0x0000008b,0x000600a9,0x00000006,0x00000853,0x00000852,0x00000088,0x0000008b,
	0x00050041,0x00000416,0x00000854,0x00000415,0x00000369,0x0004003d,0x00000006,0x00000855,
	0x00000854,0x000500c2,0x00000006,0x00000856,0x00000855,0x0000041f,0x000500c7,0x00000006,
	0x00000857,0x00000856,0x00000088,0x000500ab,0x000000cb,0x00000858,0x00000857,0x0000008b,
	0x000600a9,0x00000006,0x00000859,0x00000858,0x0000016c,0x0000008b,0x000500c5,0x00000006,
	0x0000085a,0x00000853,0x00000859,0x00050041,0x00000416,0x0000085b,0x00000415,0x0000037c,
	0x0004003d,0x00000006,0x0000085c,0x0000085b,0x0003003e,0x00000847,0x000006c7,0x00050041,
	0x00000416,0x00000860,0x00000415,0x00000394,0x0004003d,0x00000006,0x00000861,0x00000860,
	0x000500c2,0x00000006,0x00000951,0x0000085c,0x000000a3,0x000500c7,0x00000006,0x00000952,
	0x00000951,0x000000a5,0x000500ae,0x000000cb,0x00000899,0x00000952,0x0000016c,0x000600a9,
	0x00000006,0x0000089a,0x00000899,0x00000088,0x0000008b,0x000500ae,0x000000cb,0x0000089c,
	0x00000952,0x00000088,0x000600a9,0x00000006,0x0000089d,0x0000089c,0x00000088,0x0000008b,
	0x00050041,0x00000009,0x0000089e,0x00000847,0x0000008b,0x0004003d,0x00000006,0x0000089f,
	0x0000089e,0x000500c4,0x00000006,0x000008a1,0x0000089f,0x0000089a,0x000500ae,0x000000cb,
	0x000008a3,0x00000952,0x0000016c,0x000500c7,0x00000006,0x000008a5,0x0000161e,0x00000088,
	0x000600a9,0x00000006,0x000008a6,0x000008a3,0x000008a5,0x0000008b,0x00050080,0x00000006,
	0x000008a7,0x000008a1,0x000008a6,0x00050041,0x00000009,0x000008a8,0x00000847,0x00000088,
	0x0004003d,0x00000006,0x000008a9,0x000008a8,0x000500c4,0x00000006,0x000008ab,0x000008a9,
	0x0000089d,0x000500ae,0x000000cb,0x000008ad,0x00000952,0x0000016c,0x000500c2,0x00000006,
	0x000008af,0x0000161e,0x00000088,0x000500aa,0x000000cb,0x000008b1,0x00000952,0x00000088,
	0x000600a9,0x00000006,0x000008b3,0x000008b1,0x0000161e,0x0000008b,0x000600a9,0x00000006,
	0x000008b4,0x000008ad,0x000008af,0x000008b3,0x00050080,0x00000006,0x000008b5,0x000008ab,
	0x000008b4,0x000500c2,0x00000006,0x00000956,0x0000085c,0x000000aa,0x000500c7,0x00000006,
	0x00000957,0x00000956,0x00000088,0x000500ab,0x000000cb,0x000008b8,0x00000957,0x0000008b,
	0x00050084,0x00000006,0x000008ba,0x000008a7,0x0000016c,0x000600a9,0x00000006,0x000008be,
	0x000008b8,0x000008ba,0x000008a7,0x00050086,0x00000006,0x000008c0,0x000008be,0x000002a2,
	0x00050089,0x00000006,0x000008c2,0x000008be,0x000002a2,0x000500c2,0x00000006,0x000008c4,
	0x000008b5,0x000002a9,0x000500c7,0x00000006,0x000008c6,0x000008b5,0x000000b8,0x000500c7,
	0x00000006,0x0000095b,0x0000085c,0x00000097,0x000500c2,0x00000006,0x0000095f,0x0000085c,
	0x0000009c,0x000500c7,0x00000006,0x00000960,0x0000095f,0x0000009e,0x000500c2,0x00000006,
	0x00000964,0x0000085c,0x000000aa,0x000500c7,0x00000006,0x00000965,0x00000964,0x00000088,
	0x000500c4,0x00000006,0x000008ce,0x00000960,0x00000965,0x00050084,0x00000006,0x000008cf,
	0x000008c4,0x000008ce,0x00050080,0x00000006,0x000008d0,0x0000095b,0x000008cf,0x00050080,
	0x00000006,0x000008d2,0x000008d0,0x000008c0,0x000500c7,0x00000006,0x000008d3,0x000008d2,
	0x00000097,0x000500c7,0x00000006,0x00000969,0x00000861,0x00000097,0x00050082,0x00000006,
	0x000008d7,0x000008d3,0x00000969,0x000500c7,0x00000006,0x000008d8,0x000008d7,0x00000097,
	0x000500c2,0x00000006,0x0000096d,0x00000861,0x0000009c,0x000500c7,0x00000006,0x0000096e,
	0x0000096d,0x0000009e,0x000500c2,0x00000006,0x00000972,0x00000861,0x000000aa,0x000500c7,
	0x00000006,0x00000973,0x00000972,0x00000088,0x000500c4,0x00000006,0x000008dd,0x0000096e,
	0x00000973,0x00050089,0x00000006,0x000008e0,0x000008d8,0x000008dd,0x00050086,0x00000006,
	0x000008e3,0x000008d8,0x000008dd,0x000500c2,0x00000006,0x00000977,0x00000861,0x000000b0,
	0x000500c7,0x00000006,0x00000978,0x00000977,0x00000088,0x000500c2,0x00000006,0x0000097c,
	0x0000085c,0x000000b0,0x000500c7,0x00000006,0x0000097d,0x0000097c,0x00000088,0x000500ab,
	0x000000cb,0x000008e8,0x00000978,0x0000097d,0x000300f7,0x000008ed,0x00000000,0x000400fa,
	0x000008e8,0x000008e9,0x000008ed,0x000200f8,0x000008e9,0x00050080,0x00000006,0x000008eb,
	0x000008c2,0x000002e0,0x00050089,0x00000006,0x000008ec,0x000008eb,0x000002a2,0x000200f9,
	0x000008ed,0x000200f8,0x000008ed,0x000700f5,0x00000006,0x000016da,0x000008c2,0x000006c3,
	0x000008ec,0x000008e9,0x000500c2,0x00000006,0x00000981,0x00000861,0x000000a3,0x000500c7,
	0x00000006,0x00000982,0x00000981,0x000000a5,0x00050084,0x00000006,0x000008f1,0x000008e0,
	0x000002a2,0x00050080,0x00000006,0x000008f3,0x000008f1,0x000016da,0x000500c2,0x00000006,
	0x00000986,0x00000861,0x000000aa,0x000500c7,0x00000006,0x00000987,0x00000986,0x00000088,
	0x000500ab,0x000000cb,0x000008f6,0x00000987,0x0000008b,0x000300f7,0x000008fc,0x00000000,
	0x000400fa,0x000008f6,0x000008f7,0x000008fc,0x000200f8,0x000008f7,0x000500c2,0x00000006,
	0x000008fb,0x000008f3,0x00000088,0x000200f9,0x000008fc,0x000200f8,0x000008fc,0x000700f5,
	0x00000006,0x000016db,0x000008f3,0x000008ed,0x000008fb,0x000008f7,0x00050084,0x00000006,
	0x000008fe,0x000008e3,0x000000e1,0x00050080,0x00000006,0x00000900,0x000008fe,0x000008c6,
	0x000500ae,0x000000cb,0x00000902,0x00000982,0x0000016c,0x000600a9,0x00000006,0x00000903,
	0x00000902,0x00000088,0x0000008b,0x000500ae,0x000000cb,0x00000905,0x00000982,0x00000088,
	0x000600a9,0x00000006,0x00000906,0x00000905,0x00000088,0x0000008b,0x000500c2,0x00000006,
	0x00000909,0x000016db,0x00000903,0x0004007c,0x0000005b,0x0000090a,0x00000909,0x000500c2,
	0x00000006,0x0000090d,0x00000900,0x00000906,0x0004007c,0x0000005b,0x0000090e,0x0000090d,
	0x00050050,0x00000304,0x0000090f,0x0000090a,0x0000090e,0x0004007c,0x0000005b,0x00000911,
	0x0000067a,0x00050050,0x00000304,0x00000912,0x00000911,0x00000911,0x00050084,0x00000304,
	0x00000913,0x0000090f,0x00000912,0x0004007c,0x00000304,0x00000915,0x000015ee,0x00050080,
	0x00000304,0x00000916,0x00000913,0x00000915,0x000200f9,0x000009a9,0x000200f8,0x000009a9,
	0x0004003d,0x0000032c,0x00000925,0x0000032e,0x00050051,0x0000005b,0x00000927,0x00000916,
	0x00000000,0x00050051,0x0000005b,0x00000928,0x00000916,0x00000001,0x00060050,0x00000332,
	0x00000929,0x00000927,0x00000928,0x00000331,0x0007004f,0x00000304,0x0000092a,0x00000929,
	0x00000929,0x00000000,0x00000001,0x0007005f,0x0000003b,0x00000930,0x00000925,0x0000092a,
	0x00000002,0x00000331,0x0003003e,0x0000088c,0x00000930,0x000500c2,0x00000006,0x000009ae,
	0x00000861,0x000000b6,0x000500c7,0x00000006,0x000009af,0x000009ae,0x000000b8,0x000500aa,
	0x000000cb,0x00000934,0x000009af,0x00000088,0x000500c7,0x00000006,0x00000936,0x0000085a,
	0x0000016c,0x000500ab,0x000000cb,0x00000937,0x00000936,0x0000008b,0x000500a7,0x000000cb,
	0x00000938,0x00000934,0x00000937,0x000300f7,0x0000094a,0x00000000,0x000400fa,0x00000938,
	0x00000939,0x0000094a,0x000200f8,0x00000939,0x00050041,0x00000026,0x0000093a,0x0000088c,
	0x0000008b,0x0004003d,0x00000025,0x0000093b,0x0000093a,0x0008000c,0x00000025,0x000009b5,
	0x00000001,0x0000002b,0x0000093b,0x000000c4,0x00000118,0x000500be,0x000000cb,0x000009b7,
	0x000009b5,0x0000011b,0x000300f7,0x000009c4,0x00000000,0x000400fa,0x000009b7,0x000009b8,
	0x000009be,0x000200f8,0x000009be,0x000500be,0x000000cb,0x000009c0,0x000009b5,0x0000012d,
	0x000300f7,0x000009c3,0x00000000,0x000400fa,0x000009c0,0x000009c1,0x000009c2,0x000200f8,
	0x000009c2,0x000200f9,0x000009c3,0x000200f8,0x000009c1,0x000200f9,0x000009c3,0x000200f8,
	0x000009c3,0x000700f5,0x00000025,0x000016e5,0x00000132,0x000009c1,0x000000c4,0x000009c2,
	0x000700f5,0x00000025,0x000016e2,0x00000131,0x000009c1,0x00000134,0x000009c2,0x000200f9,
	0x000009c4,0x000200f8,0x000009b8,0x000500be,0x000000cb,0x000009ba,0x000009b5,0x00000120,
	0x000300f7,0x000009bd,0x00000000,0x000400fa,0x000009ba,0x000009bb,0x000009bc,0x000200f8,
	0x000009bc,0x000200f9,0x000009bd,0x000200f8,0x000009bb,0x000200f9,0x000009bd,0x000200f8,
	0x000009bd,0x000700f5,0x00000025,0x000016e4,0x00000127,0x000009bb,0x0000012a,0x000009bc,
	0x000700f5,0x00000025,0x000016e1,0x00000125,0x000009bb,0x00000129,0x000009bc,0x000200f9,
	0x000009c4,0x000200f8,0x000009c4,0x000700f5,0x00000025,0x000016e3,0x000016e4,0x000009bd,
	0x000016e5,0x000009c3,0x000700f5,0x00000025,0x000016e0,0x000016e1,0x000009bd,0x000016e2,
	0x000009c3,0x00050085,0x00000025,0x000009c7,0x000009b5,0x000016e0,0x0006000c,0x00000025,
	0x000009c8,0x00000001,0x00000003,0x000009c7,0x00050085,0x00000025,0x000009c9,0x000009c8,
	0x00000139,0x00050081,0x00000025,0x000009cb,0x000009c9,0x000016e3,0x00050041,0x00000026,
	0x0000093d,0x0000088c,0x00000088,0x0004003d,0x00000025,0x0000093e,0x0000093d,0x0008000c,
	0x00000025,0x000009d1,0x00000001,0x0000002b,0x0000093e,0x000000c4,0x00000118,0x000500be,
	0x000000cb,0x000009d3,0x000009d1,0x0000011b,0x000300f7,0x000009e0,0x00000000,0x000400fa,
	0x000009d3,0x000009d4,0x000009da,0x000200f8,0x000009da,0x000500be,0x000000cb,0x000009dc,
	0x000009d1,0x0000012d,0x000300f7,0x000009df,0x00000000,0x000400fa,0x000009dc,0x000009dd,
	0x000009de,0x000200f8,0x000009de,0x000200f9,0x000009df,0x000200f8,0x000009dd,0x000200f9,
	0x000009df,0x000200f8,0x000009df,0x000700f5,0x00000025,0x000016eb,0x00000132,0x000009dd,
	0x000000c4,0x000009de,0x000700f5,0x00000025,0x000016e8,0x00000131,0x000009dd,0x00000134,
	0x000009de,0x000200f9,0x000009e0,0x000200f8,0x000009d4,0x000500be,0x000000cb,0x000009d6,
	0x000009d1,0x00000120,0x000300f7,0x000009d9,0x00000000,0x000400fa,0x000009d6,0x000009d7,
	0x000009d8,0x000200f8,0x000009d8,0x000200f9,0x000009d9,0x000200f8,0x000009d7,0x000200f9,
	0x000009d9,0x000200f8,0x000009d9,0x000700f5,0x00000025,0x000016ea,0x00000127,0x000009d7,
	0x0000012a,0x000009d8,0x000700f5,0x00000025,0x000016e7,0x00000125,0x000009d7,0x00000129,
	0x000009d8,0x000200f9,0x000009e0,0x000200f8,0x000009e0,0x000700f5,0x00000025,0x000016e9,
	0x000016ea,0x000009d9,0x000016eb,0x000009df,0x000700f5,0x00000025,0x000016e6,0x000016e7,
	0x000009d9,0x000016e8,0x000009df,0x00050085,0x00000025,0x000009e3,0x000009d1,0x000016e6,
	0x0006000c,0x00000025,0x000009e4,0x00000001,0x00000003,0x000009e3,0x00050085,0x00000025,
	0x000009e5,0x000009e4,0x00000139,0x00050081,0x00000025,0x000009e7,0x000009e5,0x000016e9,
	0x00050041,0x00000026,0x00000940,0x0000088c,0x0000016c,0x0004003d,0x00000025,0x00000941,
	0x00000940,0x0008000c,0x00000025,0x000009ed,0x00000001,0x0000002b,0x00000941,0x000000c4,
	0x00000118,0x000500be,0x000000cb,0x000009ef,0x000009ed,0x0000011b,0x000300f7,0x000009fc,
	0x00000000,0x000400fa,0x000009ef,0x000009f0,0x000009f6,0x000200f8,0x000009f6,0x000500be,
	0x000000cb,0x000009f8,0x000009ed,0x0000012d,0x000300f7,0x000009fb,0x00000000,0x000400fa,
	0x000009f8,0x000009f9,0x000009fa,0x000200f8,0x000009fa,0x000200f9,0x000009fb,0x000200f8,
	0x000009f9,0x000200f9,0x000009fb,0x000200f8,0x000009fb,0x000700f5,0x00000025,0x000016f1,
	0x00000132,0x000009f9,0x000000c4,0x000009fa,0x000700f5,0x00000025,0x000016ee,0x00000131,
	0x000009f9,0x00000134,0x000009fa,0x000200f9,0x000009fc,0x000200f8,0x000009f0,0x000500be,
	0x000000cb,0x000009f2,0x000009ed,0x00000120,0x000300f7,0x000009f5,0x00000000,0x000400fa,
	0x000009f2,0x000009f3,0x000009f4,0x000200f8,0x000009f4,0x000200f9,0x000009f5,0x000200f8,
	0x000009f3,0x000200f9,0x000009f5,0x000200f8,0x000009f5,0x000700f5,0x00000025,0x000016f0,
	0x00000127,0x000009f3,0x0000012a,0x000009f4,0x000700f5,0x00000025,0x000016ed,0x00000125,
	0x000009f3,0x00000129,0x000009f4,0x000200f9,0x000009fc,0x000200f8,0x000009fc,0x000700f5,
	0x00000025,0x000016ef,0x000016f0,0x000009f5,0x000016f1,0x000009fb,0x000700f5,0x00000025,
	0x000016ec,0x000016ed,0x000009f5,0x000016ee,0x000009fb,0x00050085,0x00000025,0x000009ff,
	0x000009ed,0x000016ec,0x0006000c,0x00000025,0x00000a00,0x00000001,0x00000003,0x000009ff,
	0x00050085,0x00000025,0x00000a01,0x00000a00,0x00000139,0x00050081,0x00000025,0x00000a03,
	0x00000a01,0x000016ef,0x00050041,0x00000026,0x00000944,0x0000088c,0x0000008b,0x0003003e,
	0x00000944,0x000009cb,0x00050041,0x00000026,0x00000946,0x0000088c,0x00000088,0x0003003e,
	0x00000946,0x000009e7,0x00050041,0x00000026,0x00000948,0x0000088c,0x0000016c,0x0003003e,
	0x00000948,0x00000a03,0x000200f9,0x0000094a,0x000200f8,0x0000094a,0x0004003d,0x0000003b,
	0x0000094b,0x0000088c,0x0003003e,0x00000892,0x0000094b,0x000200f9,0x00000a1d,0x000200f8,
	0x00000a1d,0x000300f7,0x00000a5d,0x00000000,0x001100fb,0x000009af,0x00000a1f,0x00000000,
	0x00000a20,0x00000001,0x00000a20,0x00000002,0x00000a33,0x0000000a,0x00000a33,0x00000003,
	0x00000a46,0x0000000c,0x00000a46,0x0000000e,0x00000a59,0x000200f8,0x00000a59,0x00050041,
	0x00000026,0x00000a5a,0x00000892,0x0000008b,0x0004003d,0x00000025,0x00000a5b,0x00000a5a,
	0x0004007c,0x00000006,0x00000a5c,0x00000a5b,0x000200f9,0x00000a5d,0x000200f8,0x00000a46,
	0x00050041,0x00000026,0x00000a47,0x00000892,0x0000008b,0x0004003d,0x00000025,0x00000a48,
	0x00000a47,0x0008000c,0x00000025,0x00000aa7,0x00000001,0x0000002b,0x00000a48,0x000000c4,
	0x000000c5,0x0004007c,0x00000006,0x00000aa8,0x00000aa7,0x000500b0,0x000000cb,0x00000aaa,
	0x00000aa8,0x000000ca,0x000500c7,0x00000006,0x00000aac,0x00000aa8,0x000000cf,0x000500c5,
	0x00000006,0x00000aad,0x000000cd,0x00000aac,0x000500c2,0x00000006,0x00000aaf,0x00000aa8,
	0x000000b6,0x00050082,0x00000006,0x00000ab0,0x000000d2,0x00000aaf,0x0007000c,0x00000006,
	0x00000ab1,0x00000001,0x00000026,0x00000ab0,0x000000d6,0x000500c2,0x00000006,0x00000ab2,
	0x00000aad,0x00000ab1,0x00050080,0x00000006,0x00000ab4,0x00000aa8,0x000000da,0x000600a9,
	0x00000006,0x00000ab5,0x00000aaa,0x00000ab2,0x00000ab4,0x00050080,0x00000006,0x00000ab7,
	0x00000ab5,0x000000de,0x000500c2,0x00000006,0x00000ab9,0x00000ab5,0x000000e1,0x000500c7,
	0x00000006,0x00000aba,0x00000ab9,0x00000088,0x00050080,0x00000006,0x00000abb,0x00000ab7,
	0x00000aba,0x000500c2,0x00000006,0x00000abc,0x00000abb,0x000000e1,0x000500c7,0x00000006,
	0x00000abd,0x00000abc,0x000000e6,0x00050041,0x00000026,0x00000a4a,0x00000892,0x00000088,
	0x0004003d,0x00000025,0x00000a4b,0x00000a4a,0x0008000c,0x00000025,0x00000ac3,0x00000001,
	0x0000002b,0x00000a4b,0x000000c4,0x000000c5,0x0004007c,0x00000006,0x00000ac4,0x00000ac3,
	0x000500b0,0x000000cb,0x00000ac6,0x00000ac4,0x000000ca,0x000500c7,0x00000006,0x00000ac8,
	0x00000ac4,0x000000cf,0x000500c5,0x00000006,0x00000ac9,0x000000cd,0x00000ac8,0x000500c2,
	0x00000006,0x00000acb,0x00000ac4,0x000000b6,0x00050082,0x00000006,0x00000acc,0x000000d2,
	0x00000acb,0x0007000c,0x00000006,0x00000acd,0x00000001,0x00000026,0x00000acc,0x000000d6,
	0x000500c2,0x00000006,0x00000ace,0x00000ac9,0x00000acd,0x00050080,0x00000006,0x00000ad0,
	0x00000ac4,0x000000da,0x000600a9,0x00000006,0x00000ad1,0x00000ac6,0x00000ace,0x00000ad0,
	0x00050080,0x00000006,0x00000ad3,0x00000ad1,0x000000de,0x000500c2,0x00000006,0x00000ad5,
	0x00000ad1,0x000000e1,0x000500c7,0x00000006,0x00000ad6,0x00000ad5,0x00000088,0x00050080,
	0x00000006,0x00000ad7,0x00000ad3,0x00000ad6,0x000500c2,0x00000006,0x00000ad8,0x00000ad7,
	0x000000e1,0x000500c7,0x00000006,0x00000ad9,0x00000ad8,0x000000e6,0x000500c4,0x00000006,
	0x00000a4d,0x00000ad9,0x00000185,0x000500c5,0x00000006,0x00000a4e,0x00000abd,0x00000a4d,
	0x00050041,0x00000026,0x00000a4f,0x00000892,0x0000016c,0x0004003d,0x00000025,0x00000a50,
	0x00000a4f,0x0008000c,0x00000025,0x00000adf,0x00000001,0x0000002b,0x00000a50,0x000000c4,
	0x000000c5,0x0004007c,0x00000006,0x00000ae0,0x00000adf,0x000500b0,0x000000cb,0x00000ae2,
	0x00000ae0,0x000000ca,0x000500c7,0x00000006,0x00000ae4,0x00000ae0,0x000000cf,0x000500c5,
	0x00000006,0x00000ae5,0x000000cd,0x00000ae4,0x000500c2,0x00000006,0x00000ae7,0x00000ae0,
	0x000000b6,0x00050082,0x00000006,0x00000ae8,0x000000d2,0x00000ae7,0x0007000c,0x00000006,
	0x00000ae9,0x00000001,0x00000026,0x00000ae8,0x000000d6,0x000500c2,0x00000006,0x00000aea,
	0x00000ae5,0x00000ae9,0x00050080,0x00000006,0x00000aec,0x00000ae0,0x000000da,0x000600a9,
	0x00000006,0x00000aed,0x00000ae2,0x00000aea,0x00000aec,0x00050080,0x00000006,0x00000aef,
	0x00000aed,0x000000de,0x000500c2,0x00000006,0x00000af1,0x00000aed,0x000000e1,0x000500c7,
	0x00000006,0x00000af2,0x00000af1,0x00000088,0x00050080,0x00000006,0x00000af3,0x00000aef,
	0x00000af2,0x000500c2,0x00000006,0x00000af4,0x00000af3,0x000000e1,0x000500c7,0x00000006,
	0x00000af5,0x00000af4,0x000000e6,0x000500c4,0x00000006,0x00000a52,0x00000af5,0x0000018d,
	0x000500c5,0x00000006,0x00000a53,0x00000a4e,0x00000a52,0x00050041,0x00000026,0x00000a54,
	0x00000892,0x000000a5,0x0004003d,0x00000025,0x00000a55,0x00000a54,0x0008000c,0x00000025,
	0x00000af9,0x00000001,0x0000002b,0x00000a55,0x000000c4,0x00000118,0x00050085,0x00000025,
	0x00000afb,0x00000af9,0x00000190,0x00050081,0x00000025,0x00000afc,0x00000afb,0x00000151,
	0x0004006d,0x00000006,0x00000afd,0x00000afc,0x000500c4,0x00000006,0x00000a57,0x00000afd,
	0x00000196,0x000500c5,0x00000006,0x00000a58,0x00000a53,0x00000a57,0x000200f9,0x00000a5d,
	0x000200f8,0x00000a33,0x00050041,0x00000026,0x00000a34,0x00000892,0x0000008b,0x0004003d,
	0x00000025,0x00000a35,0x00000a34,0x0008000c,0x00000025,0x00000a85,0x00000001,0x0000002b,
	0x00000a35,0x000000c4,0x00000118,0x00050085,0x00000025,0x00000a87,0x00000a85,0x00000134,
	0x00050081,0x00000025,0x00000a88,0x00000a87,0x00000151,0x0004006d,0x00000006,0x00000a89,
	0x00000a88,0x00050041,0x00000026,0x00000a37,0x00000892,0x00000088,0x0004003d,0x00000025,
	0x00000a38,0x00000a37,0x0008000c,0x00000025,0x00000a8d,0x00000001,0x0000002b,0x00000a38,
	0x000000c4,0x00000118,0x00050085,0x00000025,0x00000a8f,0x00000a8d,0x00000134,0x00050081,
	0x00000025,0x00000a90,0x00000a8f,0x00000151,0x0004006d,0x00000006,0x00000a91,0x00000a90,
	0x000500c4,0x00000006,0x00000a3a,0x00000a91,0x00000185,0x000500c5,0x00000006,0x00000a3b,
	0x00000a89,0x00000a3a,0x00050041,0x00000026,0x00000a3c,0x00000892,0x0000016c,0x0004003d,
	0x00000025,0x00000a3d,0x00000a3c,0x0008000c,0x00000025,0x00000a95,0x00000001,0x0000002b,
	0x00000a3d,0x000000c4,0x00000118,0x00050085,0x00000025,0x00000a97,0x00000a95,0x00000134,
	0x00050081,0x00000025,0x00000a98,0x00000a97,0x00000151,0x0004006d,0x00000006,0x00000a99,
	0x00000a98,0x000500c4,0x00000006,0x00000a3f,0x00000a99,0x0000018d,0x000500c5,0x00000006,
	0x00000a40,0x00000a3b,0x00000a3f,0x00050041,0x00000026,0x00000a41,0x00000892,0x000000a5,
	0x0004003d,0x00000025,0x00000a42,0x00000a41,0x0008000c,0x00000025,0x00000a9d,0x00000001,
	0x0000002b,0x00000a42,0x000000c4,0x00000118,0x00050085,0x00000025,0x00000a9f,0x00000a9d,
	0x00000190,0x00050081,0x00000025,0x00000aa0,0x00000a9f,0x00000151,0x0004006d,0x00000006,
	0x00000aa1,0x00000aa0,0x000500c4,0x00000006,0x00000a44,0x00000aa1,0x00000196,0x000500c5,
	0x00000006,0x00000a45,0x00000a40,0x00000a44,0x000200f9,0x00000a5d,0x000200f8,0x00000a20,
	0x00050041,0x00000026,0x00000a21,0x00000892,0x0000008b,0x0004003d,0x00000025,0x00000a22,
	0x00000a21,0x0008000c,0x00000025,0x00000a65,0x00000001,0x0000002b,0x00000a22,0x000000c4,
	0x00000118,0x00050085,0x00000025,0x00000a67,0x00000a65,0x0000015d,0x00050081,0x00000025,
	0x00000a68,0x00000a67,0x00000151,0x0004006d,0x00000006,0x00000a69,0x00000a68,0x00050041,
	0x00000026,0x00000a24,0x00000892,0x00000088,0x0004003d,0x00000025,0x00000a25,0x00000a24,
	0x0008000c,0x00000025,0x00000a6d,0x00000001,0x0000002b,0x00000a25,0x000000c4,0x00000118,
	0x00050085,0x00000025,0x00000a6f,0x00000a6d,0x0000015d,0x00050081,0x00000025,0x00000a70,
	0x00000a6f,0x00000151,0x0004006d,0x00000006,0x00000a71,0x00000a70,0x000500c4,0x00000006,
	0x00000a27,0x00000a71,0x00000168,0x000500c5,0x00000006,0x00000a28,0x00000a69,0x00000a27,
	0x00050041,0x00000026,0x00000a29,0x00000892,0x0000016c,0x0004003d,0x00000025,0x00000a2a,
	0x00000a29,0x0008000c,0x00000025,0x00000a75,0x00000001,0x0000002b,0x00000a2a,0x000000c4,
	0x00000118,0x00050085,0x00000025,0x00000a77,0x00000a75,0x0000015d,0x00050081,0x00000025,
	0x00000a78,0x00000a77,0x00000151,0x0004006d,0x00000006,0x00000a79,0x00000a78,0x000500c4,
	0x00000006,0x00000a2c,0x00000a79,0x000000e1,0x000500c5,0x00000006,0x00000a2d,0x00000a28,
	0x00000a2c,0x00050041,0x00000026,0x00000a2e,0x00000892,0x000000a5,0x0004003d,0x00000025,
	0x00000a2f,0x00000a2e,0x0008000c,0x00000025,0x00000a7d,0x00000001,0x0000002b,0x00000a2f,
	0x000000c4,0x00000118,0x00050085,0x00000025,0x00000a7f,0x00000a7d,0x0000015d,0x00050081,
	0x00000025,0x00000a80,0x00000a7f,0x00000151,0x0004006d,0x00000006,0x00000a81,0x00000a80,
	0x000500c4,0x00000006,0x00000a31,0x00000a81,0x000000d6,0x000500c5,0x00000006,0x00000a32,
	0x00000a2d,0x00000a31,0x000200f9,0x00000a5d,0x000200f8,0x00000a1f,0x000200f9,0x00000a5d,
	0x000200f8,0x00000a5d,0x000d00f5,0x00000006,0x000016f4,0x0000008b,0x00000a1f,0x00000a32,
	0x00000a20,0x00000a45,0x00000a33,0x00000a58,0x00000a46,0x00000a5c,0x00000a59,0x000200f9,
	0x00000a60,0x000200f8,0x00000a60,0x000500aa,0x000000cb,0x00000b01,0x0000068f,0x00000088,
	0x000300f7,0x00000b25,0x00000000,0x000400fa,0x00000b01,0x00000b02,0x00000b0a,0x000200f8,
	0x00000b0a,0x000500aa,0x000000cb,0x00000b0c,0x0000068f,0x0000016c,0x000300f7,0x00000b24,
	0x00000000,0x000400fa,0x00000b0c,0x00000b0d,0x00000b1a,0x000200f8,0x00000b1a,0x000500aa,
	0x000000cb,0x00000b1c,0x0000068f,0x000000a5,0x000300f7,0x00000b23,0x00000000,0x000400fa,
	0x00000b1c,0x00000b1d,0x00000b23,0x000200f8,0x00000b1d,0x000500c4,0x00000006,0x00000b1f,
	0x000016f4,0x000000e1,0x000500c2,0x00000006,0x00000b21,0x000016f4,0x000000e1,0x000500c5,
	0x00000006,0x00000b22,0x00000b1f,0x00000b21,0x000200f9,0x00000b23,0x000200f8,0x00000b23,
	0x000700f5,0x00000006,0x000016f7,0x000016f4,0x00000b1a,0x00000b22,0x00000b1d,0x000200f9,
	0x00000b24,0x000200f8,0x00000b0d,0x000500c7,0x00000006,0x00000b0f,0x000016f4,0x000003ec,
	0x000500c4,0x00000006,0x00000b10,0x00000b0f,0x00000168,0x000500c7,0x00000006,0x00000b12,
	0x000016f4,0x000003f0,0x000500c2,0x00000006,0x00000b13,0x00000b12,0x00000168,0x000500c5,
	0x00000006,0x00000b14,0x00000b10,0x00000b13,0x000500c4,0x00000006,0x00000b16,0x00000b14,
	0x000000e1,0x000500c2,0x00000006,0x00000b18,0x00000b14,0x000000e1,0x000500c5,0x00000006,
	0x00000b19,0x00000b16,0x00000b18,0x000200f9,0x00000b24,0x000200f8,0x00000b24,0x000700f5,
	0x00000006,0x000016f6,0x00000b19,0x00000b0d,0x000016f7,0x00000b23,0x000200f9,0x00000b25,
	0x000200f8,0x00000b02,0x000500c7,0x00000006,0x00000b04,0x000016f4,0x000003ec,0x000500c4,
	0x00000006,0x00000b05,0x00000b04,0x00000168,0x000500c7,0x00000006,0x00000b07,0x000016f4,
	0x000003f0,0x000500c2,0x00000006,0x00000b08,0x00000b07,0x00000168,0x000500c5,0x00000006,
	0x00000b09,0x00000b05,0x00000b08,0x000200f9,0x00000b25,0x000200f8,0x00000b25,0x000700f5,
	0x00000006,0x000016f5,0x00000b09,0x00000b02,0x000016f6,0x00000b24,0x00060041,0x000004f7,
	0x000006cc,0x000004eb,0x00000331,0x000006c5,0x0003003e,0x000006cc,0x000016f5,0x000200f9,
	0x00000786,0x000200f8,0x000006cd,0x0003003e,0x00000625,0x00000214,0x00050041,0x00000416,
	0x000006ce,0x00000415,0x0000037c,0x0004003d,0x00000006,0x000006cf,0x000006ce,0x000500c2,
	0x00000006,0x00000b2a,0x000006cf,0x000000b6,0x000500c7,0x00000006,0x00000b2b,0x00000b2a,
	0x000000b8,0x000200f9,0x000006d1,0x000200f8,0x000006d1,0x000700f5,0x00000006,0x000015ef,
	0x0000008b,0x000006cd,0x000006e1,0x000006df,0x000400f6,0x000006e2,0x000006df,0x00000000,
	0x000200f9,0x000006d2,0x000200f8,0x000006d2,0x000500b0,0x000000cb,0x000006d5,0x000015ef,
	0x000015f1,0x000400fa,0x000006d5,0x000006d6,0x000006e2,0x000200f8,0x000006d6,0x00050080,
	0x00000006,0x000006d9,0x0000161e,0x000015ef,0x0004003d,0x00000007,0x000006da,0x0000060b,
	0x00050041,0x00000416,0x00000b59,0x00000415,0x00000369,0x0004003d,0x00000006,0x00000b5a,
	0x00000b59,0x000500c2,0x00000006,0x00000b5b,0x00000b5a,0x000000f2,0x000500c7,0x00000006,
	0x00000b5c,0x00000b5b,0x00000088,0x000500ab,0x000000cb,0x00000b5d,0x00000b5c,0x0000008b,
	0x000600a9,0x00000006,0x00000b5e,0x00000b5d,0x00000088,0x0000008b,0x00050041,0x00000416,
	0x00000b5f,0x00000415,0x00000369,0x0004003d,0x00000006,0x00000b60,0x00000b5f,0x000500c2,
	0x00000006,0x00000b61,0x00000b60,0x0000041f,0x000500c7,0x00000006,0x00000b62,0x00000b61,
	0x00000088,0x000500ab,0x000000cb,0x00000b63,0x00000b62,0x0000008b,0x000600a9,0x00000006,
	0x00000b64,0x00000b63,0x0000016c,0x0000008b,0x000500c5,0x00000006,0x00000b65,0x00000b5e,
	0x00000b64,0x00050041,0x00000416,0x00000b66,0x00000415,0x0000037c,0x0004003d,0x00000006,
	0x00000b67,0x00000b66,0x0003003e,0x00000b52,0x000006da,0x00050041,0x00000416,0x00000b6b,
	0x00000415,0x00000394,0x0004003d,0x00000006,0x00000b6c,0x00000b6b,0x000500c2,0x00000006,
	0x00000c5c,0x00000b67,0x000000a3,0x000500c7,0x00000006,0x00000c5d,0x00000c5c,0x000000a5,
	0x000500ae,0x000000cb,0x00000ba4,0x00000c5d,0x0000016c,0x000600a9,0x00000006,0x00000ba5,
	0x00000ba4,0x00000088,0x0000008b,0x000500ae,0x000000cb,0x00000ba7,0x00000c5d,0x00000088,
	0x000600a9,0x00000006,0x00000ba8,0x00000ba7,0x00000088,0x0000008b,0x00050041,0x00000009,
	0x00000ba9,0x00000b52,0x0000008b,0x0004003d,0x00000006,0x00000baa,0x00000ba9,0x000500c4,
	0x00000006,0x00000bac,0x00000baa,0x00000ba5,0x000500ae,0x000000cb,0x00000bae,0x00000c5d,
	0x0000016c,0x000500c7,0x00000006,0x00000bb0,0x000006d9,0x00000088,0x000600a9,0x00000006,
	0x00000bb1,0x00000bae,0x00000bb0,0x0000008b,0x00050080,0x00000006,0x00000bb2,0x00000bac,
	0x00000bb1,0x00050041,0x00000009,0x00000bb3,0x00000b52,0x00000088,0x0004003d,0x00000006,
	0x00000bb4,0x00000bb3,0x000500c4,0x00000006,0x00000bb6,0x00000bb4,0x00000ba8,0x000500ae,
	0x000000cb,0x00000bb8,0x00000c5d,0x0000016c,0x000500c2,0x00000006,0x00000bba,0x000006d9,
	0x00000088,0x000500aa,0x000000cb,0x00000bbc,0x00000c5d,0x00000088,0x000600a9,0x00000006,
	0x00000bbe,0x00000bbc,0x000006d9,0x0000008b,0x000600a9,0x00000006,0x00000bbf,0x00000bb8,
	0x00000bba,0x00000bbe,0x00050080,0x00000006,0x00000bc0,0x00000bb6,0x00000bbf,0x000500c2,
	0x00000006,0x00000c61,0x00000b67,0x000000aa,0x000500c7,0x00000006,0x00000c62,0x00000c61,
	0x00000088,0x000500ab,0x000000cb,0x00000bc3,0x00000c62,0x0000008b,0x00050084,0x00000006,
	0x00000bc5,0x00000bb2,0x0000016c,0x000600a9,0x00000006,0x00000bc9,0x00000bc3,0x00000bc5,
	0x00000bb2,0x00050086,0x00000006,0x00000bcb,0x00000bc9,0x000002a2,0x00050089,0x00000006,
	0x00000bcd,0x00000bc9,0x000002a2,0x000500c2,0x00000006,0x00000bcf,0x00000bc0,0x000002a9,
	0x000500c7,0x00000006,0x00000bd1,0x00000bc0,0x000000b8,0x000500c7,0x00000006,0x00000c66,
	0x00000b67,0x00000097,0x000500c2,0x00000006,0x00000c6a,0x00000b67,0x0000009c,0x000500c7,
	0x00000006,0x00000c6b,0x00000c6a,0x0000009e,0x000500c2,0x00000006,0x00000c6f,0x00000b67,
	0x000000aa,0x000500c7,0x00000006,0x00000c70,0x00000c6f,0x00000088,0x000500c4,0x00000006,
	0x00000bd9,0x00000c6b,0x00000c70,0x00050084,0x00000006,0x00000bda,0x00000bcf,0x00000bd9,
	0x00050080,0x00000006,0x00000bdb,0x00000c66,0x00000bda,0x00050080,0x00000006,0x00000bdd,
	0x00000bdb,0x00000bcb,0x000500c7,0x00000006,0x00000bde,0x00000bdd,0x00000097,0x000500c7,
	0x00000006,0x00000c74,0x00000b6c,0x00000097,0x00050082,0x00000006,0x00000be2,0x00000bde,
	0x00000c74,0x000500c7,0x00000006,0x00000be3,0x00000be2,0x00000097,0x000500c2,0x00000006,
	0x00000c78,0x00000b6c,0x0000009c,0x000500c7,0x00000006,0x00000c79,0x00000c78,0x0000009e,
	0x000500c2,0x00000006,0x00000c7d,0x00000b6c,0x000000aa,0x000500c7,0x00000006,0x00000c7e,
	0x00000c7d,0x00000088,0x000500c4,0x00000006,0x00000be8,0x00000c79,0x00000c7e,0x00050089,
	0x00000006,0x00000beb,0x00000be3,0x00000be8,0x00050086,0x00000006,0x00000bee,0x00000be3,
	0x00000be8,0x000500c2,0x00000006,0x00000c82,0x00000b6c,0x000000b0,0x000500c7,0x00000006,
	0x00000c83,0x00000c82,0x00000088,0x000500c2,0x00000006,0x00000c87,0x00000b67,0x000000b0,
	0x000500c7,0x00000006,0x00000c88,0x00000c87,0x00000088,0x000500ab,0x000000cb,0x00000bf3,
	0x00000c83,0x00000c88,0x000300f7,0x00000bf8,0x00000000,0x000400fa,0x00000bf3,0x00000bf4,
	0x00000bf8,0x000200f8,0x00000bf4,0x00050080,0x00000006,0x00000bf6,0x00000bcd,0x000002e0,
	0x00050089,0x00000006,0x00000bf7,0x00000bf6,0x000002a2,0x000200f9,0x00000bf8,0x000200f8,
	0x00000bf8,0x000700f5,0x00000006,0x0000161f,0x00000bcd,0x000006d6,0x00000bf7,0x00000bf4,
	0x000500c2,0x00000006,0x00000c8c,0x00000b6c,0x000000a3,0x000500c7,0x00000006,0x00000c8d,
	0x00000c8c,0x000000a5,0x00050084,0x00000006,0x00000bfc,0x00000beb,0x000002a2,0x00050080,
	0x00000006,0x00000bfe,0x00000bfc,0x0000161f,0x000500c2,0x00000006,0x00000c91,0x00000b6c,
	0x000000aa,0x000500c7,0x00000006,0x00000c92,0x00000c91,0x00000088,0x000500ab,0x000000cb,
	0x00000c01,0x00000c92,0x0000008b,0x000300f7,0x00000c07,0x00000000,0x000400fa,0x00000c01,
	0x00000c02,0x00000c07,0x000200f8,0x00000c02,0x000500c2,0x00000006,0x00000c06,0x00000bfe,
	0x00000088,0x000200f9,0x00000c07,0x000200f8,0x00000c07,0x000700f5,0x00000006,0x00001620,
	0x00000bfe,0x00000bf8,0x00000c06,0x00000c02,0x00050084,0x00000006,0x00000c09,0x00000bee,
	0x000000e1,0x00050080,0x00000006,0x00000c0b,0x00000c09,0x00000bd1,0x000500ae,0x000000cb,
	0x00000c0d,0x00000c8d,0x0000016c,0x000600a9,0x00000006,0x00000c0e,0x00000c0d,0x00000088,
	0x0000008b,0x000500ae,0x000000cb,0x00000c10,0x00000c8d,0x00000088,0x000600a9,0x00000006,
	0x00000c11,0x00000c10,0x00000088,0x0000008b,0x000500c2,0x00000006,0x00000c14,0x00001620,
	0x00000c0e,0x0004007c,0x0000005b,0x00000c15,0x00000c14,0x000500c2,0x00000006,0x00000c18,
	0x00000c0b,0x00000c11,0x0004007c,0x0000005b,0x00000c19,0x00000c18,0x00050050,0x00000304,
	0x00000c1a,0x00000c15,0x00000c19,0x0004007c,0x0000005b,0x00000c1c,0x0000067a,0x00050050,
	0x00000304,0x00000c1d,0x00000c1c,0x00000c1c,0x00050084,0x00000304,0x00000c1e,0x00000c1a,
	0x00000c1d,0x0004007c,0x00000304,0x00000c20,0x000015ee,0x00050080,0x00000304,0x00000c21,
	0x00000c1e,0x00000c20,0x000200f9,0x00000cb4,0x000200f8,0x00000cb4,0x0004003d,0x0000032c,
	0x00000c30,0x0000032e,0x00050051,0x0000005b,0x00000c32,0x00000c21,0x00000000,0x00050051,
	0x0000005b,0x00000c33,0x00000c21,0x00000001,0x00060050,0x00000332,0x00000c34,0x00000c32,
	0x00000c33,0x00000331,0x0007004f,0x00000304,0x00000c35,0x00000c34,0x00000c34,0x00000000,
	0x00000001,0x0007005f,0x0000003b,0x00000c3b,0x00000c30,0x00000c35,0x00000002,0x00000331,
	0x0003003e,0x00000b97,0x00000c3b,0x000500c2,0x00000006,0x00000cb9,0x00000b6c,0x000000b6,
	0x000500c7,0x00000006,0x00000cba,0x00000cb9,0x000000b8,0x000500aa,0x000000cb,0x00000c3f,
	0x00000cba,0x00000088,0x000500c7,0x00000006,0x00000c41,0x00000b65,0x0000016c,0x000500ab,
	0x000000cb,0x00000c42,0x00000c41,0x0000008b,0x000500a7,0x000000cb,0x00000c43,0x00000c3f,
	0x00000c42,0x000300f7,0x00000c55,0x00000000,0x000400fa,0x00000c43,0x00000c44,0x00000c55,
	0x000200f8,0x00000c44,0x00050041,0x00000026,0x00000c45,0x00000b97,0x0000008b,0x0004003d,
	0x00000025,0x00000c46,0x00000c45,0x0008000c,0x00000025,0x00000cc0,0x00000001,0x0000002b,
	0x00000c46,0x000000c4,0x00000118,0x000500be,0x000000cb,0x00000cc2,0x00000cc0,0x0000011b,
	0x000300f7,0x00000ccf,0x00000000,0x000400fa,0x00000cc2,0x00000cc3,0x00000cc9,0x000200f8,
	0x00000cc9,0x000500be,0x000000cb,0x00000ccb,0x00000cc0,0x0000012d,0x000300f7,0x00000cce,
	0x00000000,0x000400fa,0x00000ccb,0x00000ccc,0x00000ccd,0x000200f8,0x00000ccd,0x000200f9,
	0x00000cce,0x000200f8,0x00000ccc,0x000200f9,0x00000cce,0x000200f8,0x00000cce,0x000700f5,
	0x00000025,0x00001631,0x00000132,0x00000ccc,0x000000c4,0x00000ccd,0x000700f5,0x00000025,
	0x0000162e,0x00000131,0x00000ccc,0x00000134,0x00000ccd,0x000200f9,0x00000ccf,0x000200f8,
	0x00000cc3,0x000500be,0x000000cb,0x00000cc5,0x00000cc0,0x00000120,0x000300f7,0x00000cc8,
	0x00000000,0x000400fa,0x00000cc5,0x00000cc6,0x00000cc7,0x000200f8,0x00000cc7,0x000200f9,
	0x00000cc8,0x000200f8,0x00000cc6,0x000200f9,0x00000cc8,0x000200f8,0x00000cc8,0x000700f5,
	0x00000025,0x00001630,0x00000127,0x00000cc6,0x0000012a,0x00000cc7,0x000700f5,0x00000025,
	0x0000162d,0x00000125,0x00000cc6,0x00000129,0x00000cc7,0x000200f9,0x00000ccf,0x000200f8,
	0x00000ccf,0x000700f5,0x00000025,0x0000162f,0x00001630,0x00000cc8,0x00001631,0x00000cce,
	0x000700f5,0x00000025,0x0000162c,0x0000162d,0x00000cc8,0x0000162e,0x00000cce,0x00050085,
	0x00000025,0x00000cd2,0x00000cc0,0x0000162c,0x0006000c,0x00000025,0x00000cd3,0x00000001,
	0x00000003,0x00000cd2,0x00050085,0x00000025,0x00000cd4,0x00000cd3,0x00000139,0x00050081,
	0x00000025,0x00000cd6,0x00000cd4,0x0000162f,0x00050041,0x00000026,0x00000c48,0x00000b97,
	0x00000088,0x0004003d,0x00000025,0x00000c49,0x00000c48,0x0008000c,0x00000025,0x00000cdc,
	0x00000001,0x0000002b,0x00000c49,0x000000c4,0x00000118,0x000500be,0x000000cb,0x00000cde,
	0x00000cdc,0x0000011b,0x000300f7,0x00000ceb,0x00000000,0x000400fa,0x00000cde,0x00000cdf,
	0x00000ce5,0x000200f8,0x00000ce5,0x000500be,0x000000cb,0x00000ce7,0x00000cdc,0x0000012d,
	0x000300f7,0x00000cea,0x00000000,0x000400fa,0x00000ce7,0x00000ce8,0x00000ce9,0x000200f8,
	0x00000ce9,0x000200f9,0x00000cea,0x000200f8,0x00000ce8,0x000200f9,0x00000cea,0x000200f8,
	0x00000cea,0x000700f5,0x00000025,0x00001637,0x00000132,0x00000ce8,0x000000c4,0x00000ce9,
	0x000700f5,0x00000025,0x00001634,0x00000131,0x00000ce8,0x00000134,0x00000ce9,0x000200f9,
	0x00000ceb,0x000200f8,0x00000cdf,0x000500be,0x000000cb,0x00000ce1,0x00000cdc,0x00000120,
	0x000300f7,0x00000ce4,0x00000000,0x000400fa,0x00000ce1,0x00000ce2,0x00000ce3,0x000200f8,
	0x00000ce3,0x000200f9,0x00000ce4,0x000200f8,0x00000ce2,0x000200f9,0x00000ce4,0x000200f8,
	0x00000ce4,0x000700f5,0x00000025,0x00001636,0x00000127,0x00000ce2,0x0000012a,0x00000ce3,
	0x000700f5,0x00000025,0x00001633,0x00000125,0x00000ce2,0x00000129,0x00000ce3,0x000200f9,
	0x00000ceb,0x000200f8,0x00000ceb,0x000700f5,0x00000025,0x00001635,0x00001636,0x00000ce4,
	0x00001637,0x00000cea,0x000700f5,0x00000025,0x00001632,0x00001633,0x00000ce4,0x00001634,
	0x00000cea,0x00050085,0x00000025,0x00000cee,0x00000cdc,0x00001632,0x0006000c,0x00000025,
	0x00000cef,0x00000001,0x00000003,0x00000cee,0x00050085,0x00000025,0x00000cf0,0x00000cef,
	0x00000139,0x00050081,0x00000025,0x00000cf2,0x00000cf0,0x00001635,0x00050041,0x00000026,
	0x00000c4b,0x00000b97,0x0000016c,0x0004003d,0x00000025,0x00000c4c,0x00000c4b,0x0008000c,
	0x00000025,0x00000cf8,0x00000001,0x0000002b,0x00000c4c,0x000000c4,0x00000118,0x000500be,
	0x000000cb,0x00000cfa,0x00000cf8,0x0000011b,0x000300f7,0x00000d07,0x00000000,0x000400fa,
	0x00000cfa,0x00000cfb,0x00000d01,0x000200f8,0x00000d01,0x000500be,0x000000cb,0x00000d03,
	0x00000cf8,0x0000012d,0x000300f7,0x00000d06,0x00000000,0x000400fa,0x00000d03,0x00000d04,
	0x00000d05,0x000200f8,0x00000d05,0x000200f9,0x00000d06,0x000200f8,0x00000d04,0x000200f9,
	0x00000d06,0x000200f8,0x00000d06,0x000700f5,0x00000025,0x0000163d,0x00000132,0x00000d04,
	0x000000c4,0x00000d05,0x000700f5,0x00000025,0x0000163a,0x00000131,0x00000d04,0x00000134,
	0x00000d05,0x000200f9,0x00000d07,0x000200f8,0x00000cfb,0x000500be,0x000000cb,0x00000cfd,
	0x00000cf8,0x00000120,0x000300f7,0x00000d00,0x00000000,0x000400fa,0x00000cfd,0x00000cfe,
	0x00000cff,0x000200f8,0x00000cff,0x000200f9,0x00000d00,0x000200f8,0x00000cfe,0x000200f9,
	0x00000d00,0x000200f8,0x00000d00,0x000700f5,0x00000025,0x0000163c,0x00000127,0x00000cfe,
	0x0000012a,0x00000cff,0x000700f5,0x00000025,0x00001639,0x00000125,0x00000cfe,0x00000129,
	0x00000cff,0x000200f9,0x00000d07,0x000200f8,0x00000d07,0x000700f5,0x00000025,0x0000163b,
	0x0000163c,0x00000d00,0x0000163d,0x00000d06,0x000700f5,0x00000025,0x00001638,0x00001639,
	0x00000d00,0x0000163a,0x00000d06,0x00050085,0x00000025,0x00000d0a,0x00000cf8,0x00001638,
	0x0006000c,0x00000025,0x00000d0b,0x00000001,0x00000003,0x00000d0a,0x00050085,0x00000025,
	0x00000d0c,0x00000d0b,0x00000139,0x00050081,0x00000025,0x00000d0e,0x00000d0c,0x0000163b,
	0x00050041,0x00000026,0x00000c4f,0x00000b97,0x0000008b,0x0003003e,0x00000c4f,0x00000cd6,
	0x00050041,0x00000026,0x00000c51,0x00000b97,0x00000088,0x0003003e,0x00000c51,0x00000cf2,
	0x00050041,0x00000026,0x00000c53,0x00000b97,0x0000016c,0x0003003e,0x00000c53,0x00000d0e,
	0x000200f9,0x00000c55,0x000200f8,0x00000c55,0x0004003d,0x0000003b,0x00000c56,0x00000b97,
	0x0003003e,0x00000b9d,0x00000c56,0x000200f9,0x00000d28,0x000200f8,0x00000d28,0x000300f7,
	0x00000d68,0x00000000,0x001100fb,0x00000cba,0x00000d2a,0x00000000,0x00000d2b,0x00000001,
	0x00000d2b,0x00000002,0x00000d3e,0x0000000a,0x00000d3e,0x00000003,0x00000d51,0x0000000c,
	0x00000d51,0x0000000e,0x00000d64,0x000200f8,0x00000d64,0x00050041,0x00000026,0x00000d65,
	0x00000b9d,0x0000008b,0x0004003d,0x00000025,0x00000d66,0x00000d65,0x0004007c,0x00000006,
	0x00000d67,0x00000d66,0x000200f9,0x00000d68,0x000200f8,0x00000d51,0x00050041,0x00000026,
	0x00000d52,0x00000b9d,0x0000008b,0x0004003d,0x00000025,0x00000d53,0x00000d52,0x0008000c,
	0x00000025,0x00000db2,0x00000001,0x0000002b,0x00000d53,0x000000c4,0x000000c5,0x0004007c,
	0x00000006,0x00000db3,0x00000db2,0x000500b0,0x000000cb,0x00000db5,0x00000db3,0x000000ca,
	0x000500c7,0x00000006,0x00000db7,0x00000db3,0x000000cf,0x000500c5,0x00000006,0x00000db8,
	0x000000cd,0x00000db7,0x000500c2,0x00000006,0x00000dba,0x00000db3,0x000000b6,0x00050082,
	0x00000006,0x00000dbb,0x000000d2,0x00000dba,0x0007000c,0x00000006,0x00000dbc,0x00000001,
	0x00000026,0x00000dbb,0x000000d6,0x000500c2,0x00000006,0x00000dbd,0x00000db8,0x00000dbc,
	0x00050080,0x00000006,0x00000dbf,0x00000db3,0x000000da,0x000600a9,0x00000006,0x00000dc0,
	0x00000db5,0x00000dbd,0x00000dbf,0x00050080,0x00000006,0x00000dc2,0x00000dc0,0x000000de,
	0x000500c2,0x00000006,0x00000dc4,0x00000dc0,0x000000e1,0x000500c7,0x00000006,0x00000dc5,
	0x00000dc4,0x00000088,0x00050080,0x00000006,0x00000dc6,0x00000dc2,0x00000dc5,0x000500c2,
	0x00000006,0x00000dc7,0x00000dc6,0x000000e1,0x000500c7,0x00000006,0x00000dc8,0x00000dc7,
	0x000000e6,0x00050041,0x00000026,0x00000d55,0x00000b9d,0x00000088,0x0004003d,0x00000025,
	0x00000d56,0x00000d55,0x0008000c,0x00000025,0x00000dce,0x00000001,0x0000002b,0x00000d56,
	0x000000c4,0x000000c5,0x0004007c,0x00000006,0x00000dcf,0x00000dce,0x000500b0,0x000000cb,
	0x00000dd1,0x00000dcf,0x000000ca,0x000500c7,0x00000006,0x00000dd3,0x00000dcf,0x000000cf,
	0x000500c5,0x00000006,0x00000dd4,0x000000cd,0x00000dd3,0x000500c2,0x00000006,0x00000dd6,
	0x00000dcf,0x000000b6,0x00050082,0x00000006,0x00000dd7,0x000000d2,0x00000dd6,0x0007000c,
	0x00000006,0x00000dd8,0x00000001,0x00000026,0x00000dd7,0x000000d6,0x000500c2,0x00000006,
	0x00000dd9,0x00000dd4,0x00000dd8,0x00050080,0x00000006,0x00000ddb,0x00000dcf,0x000000da,
	0x000600a9,0x00000006,0x00000ddc,0x00000dd1,0x00000dd9,0x00000ddb,0x00050080,0x00000006,
	0x00000dde,0x00000ddc,0x000000de,0x000500c2,0x00000006,0x00000de0,0x00000ddc,0x000000e1,
	0x000500c7,0x00000006,0x00000de1,0x00000de0,0x00000088,0x00050080,0x00000006,0x00000de2,
	0x00000dde,0x00000de1,0x000500c2,0x00000006,0x00000de3,0x00000de2,0x000000e1,0x000500c7,
	0x00000006,0x00000de4,0x00000de3,0x000000e6,0x000500c4,0x00000006,0x00000d58,0x00000de4,
	0x00000185,0x000500c5,0x00000006,0x00000d59,0x00000dc8,0x00000d58,0x00050041,0x00000026,
	0x00000d5a,0x00000b9d,0x0000016c,0x0004003d,0x00000025,0x00000d5b,0x00000d5a,0x0008000c,
	0x00000025,0x00000dea,0x00000001,0x0000002b,0x00000d5b,0x000000c4,0x000000c5,0x0004007c,
	0x00000006,0x00000deb,0x00000dea,0x000500b0,0x000000cb,0x00000ded,0x00000deb,0x000000ca,
	0x000500c7,0x00000006,0x00000def,0x00000deb,0x000000cf,0x000500c5,0x00000006,0x00000df0,
	0x000000cd,0x00000def,0x000500c2,0x00000006,0x00000df2,0x00000deb,0x000000b6,0x00050082,
	0x00000006,0x00000df3,0x000000d2,0x00000df2,0x0007000c,0x00000006,0x00000df4,0x00000001,
	0x00000026,0x00000df3,0x000000d6,0x000500c2,0x00000006,0x00000df5,0x00000df0,0x00000df4,
	0x00050080,0x00000006,0x00000df7,0x00000deb,0x000000da,0x000600a9,0x00000006,0x00000df8,
	0x00000ded,0x00000df5,0x00000df7,0x00050080,0x00000006,0x00000dfa,0x00000df8,0x000000de,
	0x000500c2,0x00000006,0x00000dfc,0x00000df8,0x000000e1,0x000500c7,0x00000006,0x00000dfd,
	0x00000dfc,0x00000088,0x00050080,0x00000006,0x00000dfe,0x00000dfa,0x00000dfd,0x000500c2,
	0x00000006,0x00000dff,0x00000dfe,0x000000e1,0x000500c7,0x00000006,0x00000e00,0x00000dff,
	0x000000e6,0x000500c4,0x00000006,0x00000d5d,0x00000e00,0x0000018d,0x000500c5,0x00000006,
	0x00000d5e,0x00000d59,0x00000d5d,0x00050041,0x00000026,0x00000d5f,0x00000b9d,0x000000a5,
	0x0004003d,0x00000025,0x00000d60,0x00000d5f,0x0008000c,0x00000025,0x00000e04,0x00000001,
	0x0000002b,0x00000d60,0x000000c4,0x00000118,0x00050085,0x00000025,0x00000e06,0x00000e04,
	0x00000190,0x00050081,0x00000025,0x00000e07,0x00000e06,0x00000151,0x0004006d,0x00000006,
	0x00000e08,0x00000e07,0x000500c4,0x00000006,0x00000d62,0x00000e08,0x00000196,0x000500c5,
	0x00000006,0x00000d63,0x00000d5e,0x00000d62,0x000200f9,0x00000d68,0x000200f8,0x00000d3e,
	0x00050041,0x00000026,0x00000d3f,0x00000b9d,0x0000008b,0x0004003d,0x00000025,0x00000d40,
	0x00000d3f,0x0008000c,0x00000025,0x00000d90,0x00000001,0x0000002b,0x00000d40,0x000000c4,
	0x00000118,0x00050085,0x00000025,0x00000d92,0x00000d90,0x00000134,0x00050081,0x00000025,
	0x00000d93,0x00000d92,0x00000151,0x0004006d,0x00000006,0x00000d94,0x00000d93,0x00050041,
	0x00000026,0x00000d42,0x00000b9d,0x00000088,0x0004003d,0x00000025,0x00000d43,0x00000d42,
	0x0008000c,0x00000025,0x00000d98,0x00000001,0x0000002b,0x00000d43,0x000000c4,0x00000118,
	0x00050085,0x00000025,0x00000d9a,0x00000d98,0x00000134,0x00050081,0x00000025,0x00000d9b,
	0x00000d9a,0x00000151,0x0004006d,0x00000006,0x00000d9c,0x00000d9b,0x000500c4,0x00000006,
	0x00000d45,0x00000d9c,0x00000185,0x000500c5,0x00000006,0x00000d46,0x00000d94,0x00000d45,
	0x00050041,0x00000026,0x00000d47,0x00000b9d,0x0000016c,0x0004003d,0x00000025,0x00000d48,
	0x00000d47,0x0008000c,0x00000025,0x00000da0,0x00000001,0x0000002b,0x00000d48,0x000000c4,
	0x00000118,0x00050085,0x00000025,0x00000da2,0x00000da0,0x00000134,0x00050081,0x00000025,
	0x00000da3,0x00000da2,0x00000151,0x0004006d,0x00000006,0x00000da4,0x00000da3,0x000500c4,
	0x00000006,0x00000d4a,0x00000da4,0x0000018d,0x000500c5,0x00000006,0x00000d4b,0x00000d46,
	0x00000d4a,0x00050041,0x00000026,0x00000d4c,0x00000b9d,0x000000a5,0x0004003d,0x00000025,
	0x00000d4d,0x00000d4c,0x0008000c,0x00000025,0x00000da8,0x00000001,0x0000002b,0x00000d4d,
	0x000000c4,0x00000118,0x00050085,0x00000025,0x00000daa,0x00000da8,0x00000190,0x00050081,
	0x00000025,0x00000dab,0x00000daa,0x00000151,0x0004006d,0x00000006,0x00000dac,0x00000dab,
	0x000500c4,0x00000006,0x00000d4f,0x00000dac,0x00000196,0x000500c5,0x00000006,0x00000d50,
	0x00000d4b,0x00000d4f,0x000200f9,0x00000d68,0x000200f8,0x00000d2b,0x00050041,0x00000026,
	0x00000d2c,0x00000b9d,0x0000008b,0x0004003d,0x00000025,0x00000d2d,0x00000d2c,0x0008000c,
	0x00000025,0x00000d70,0x00000001,0x0000002b,0x00000d2d,0x000000c4,0x00000118,0x00050085,
	0x00000025,0x00000d72,0x00000d70,0x0000015d,0x00050081,0x00000025,0x00000d73,0x00000d72,
	0x00000151,0x0004006d,0x00000006,0x00000d74,0x00000d73,0x00050041,0x00000026,0x00000d2f,
	0x00000b9d,0x00000088,0x0004003d,0x00000025,0x00000d30,0x00000d2f,0x0008000c,0x00000025,
	0x00000d78,0x00000001,0x0000002b,0x00000d30,0x000000c4,0x00000118,0x00050085,0x00000025,
	0x00000d7a,0x00000d78,0x0000015d,0x00050081,0x00000025,0x00000d7b,0x00000d7a,0x00000151,
	0x0004006d,0x00000006,0x00000d7c,0x00000d7b,0x000500c4,0x00000006,0x00000d32,0x00000d7c,
	0x00000168,0x000500c5,0x00000006,0x00000d33,0x00000d74,0x00000d32,0x00050041,0x00000026,
	0x00000d34,0x00000b9d,0x0000016c,0x0004003d,0x00000025,0x00000d35,0x00000d34,0x0008000c,
	0x00000025,0x00000d80,0x00000001,0x0000002b,0x00000d35,0x000000c4,0x00000118,0x00050085,
	0x00000025,0x00000d82,0x00000d80,0x0000015d,0x00050081,0x00000025,0x00000d83,0x00000d82,
	0x00000151,0x0004006d,0x00000006,0x00000d84,0x00000d83,0x000500c4,0x00000006,0x00000d37,
	0x00000d84,0x000000e1,0x000500c5,0x00000006,0x00000d38,0x00000d33,0x00000d37,0x00050041,
	0x00000026,0x00000d39,0x00000b9d,0x000000a5,0x0004003d,0x00000025,0x00000d3a,0x00000d39,
	0x0008000c,0x00000025,0x00000d88,0x00000001,0x0000002b,0x00000d3a,0x000000c4,0x00000118,
	0x00050085,0x00000025,0x00000d8a,0x00000d88,0x0000015d,0x00050081,0x00000025,0x00000d8b,
	0x00000d8a,0x00000151,0x0004006d,0x00000006,0x00000d8c,0x00000d8b,0x000500c4,0x00000006,
	0x00000d3c,0x00000d8c,0x000000d6,0x000500c5,0x00000006,0x00000d3d,0x00000d38,0x00000d3c,
	0x000200f9,0x00000d68,0x000200f8,0x00000d2a,0x000200f9,0x00000d68,0x000200f8,0x00000d68,
	0x000d00f5,0x00000006,0x00001640,0x0000008b,0x00000d2a,0x00000d3d,0x00000d2b,0x00000d50,
	0x00000d3e,0x00000d63,0x00000d51,0x00000d67,0x00000d64,0x000200f9,0x00000d6b,0x000200f8,
	0x00000d6b,0x00050041,0x00000416,0x00000b3e,0x00000415,0x0000037c,0x0004003d,0x00000006,
	0x00000b3f,0x00000b3e,0x000500c2,0x00000006,0x00000e0c,0x00000b3f,0x000000aa,0x000500c7,
	0x00000006,0x00000e0d,0x00000e0c,0x00000088,0x000500ab,0x000000cb,0x00000b41,0x00000e0d,
	0x0000008b,0x000300f7,0x00000b4e,0x00000002,0x000400fa,0x00000b41,0x00000b42,0x00000b4a,
	0x000200f8,0x00000b4a,0x000200f9,0x00001138,0x000200f8,0x00001138,0x000300f7,0x00001184,
	0x00000000,0x001500fb,0x00000b2b,0x0000113a,0x00000000,0x0000113b,0x00000001,0x0000113b,
	0x00000002,0x0000114c,0x0000000a,0x0000114c,0x00000003,0x00001162,0x0000000c,0x00001162,
	0x0000000e,0x00001170,0x00000004,0x00001174,0x00000006,0x0000117b,0x000200f8,0x0000117b,
	0x0006000c,0x0000020b,0x0000117d,0x00000001,0x0000003e,0x00001640,0x00050051,0x00000025,
	0x0000117e,0x0000117d,0x00000000,0x000500c2,0x00000006,0x00001180,0x00001640,0x000000e1,
	0x0006000c,0x0000020b,0x00001181,0x00000001,0x0000003e,0x00001180,0x00050051,0x00000025,
	0x00001182,0x00001181,0x00000000,0x00070050,0x0000003b,0x00001183,0x0000117e,0x00001182,
	0x000000c4,0x000000c4,0x000200f9,0x00001184,0x000200f8,0x00001174,0x000500c4,0x00000006,
	0x00001204,0x00001640,0x000000e1,0x0004007c,0x0000005b,0x00001205,0x00001204,0x000500c3,
	0x0000005b,0x00001206,0x00001205,0x00000142,0x0004006f,0x00000025,0x00001207,0x00001206,
	0x00050085,0x00000025,0x00001208,0x00001207,0x00000145,0x0007000c,0x00000025,0x00001209,
	0x00000001,0x00000028,0x00001208,0x00000147,0x00050085,0x00000025,0x0000120b,0x00001209,
	0x00000675,0x000500c2,0x00000006,0x00001178,0x00001640,0x000000e1,0x000500c4,0x00000006,
	0x0000120f,0x00001178,0x000000e1,0x0004007c,0x0000005b,0x00001210,0x0000120f,0x000500c3,
	0x0000005b,0x00001211,0x00001210,0x00000142,0x0004006f,0x00000025,0x00001212,0x00001211,
	0x00050085,0x00000025,0x00001213,0x00001212,0x00000145,0x0007000c,0x00000025,0x00001214,
	0x00000001,0x00000028,0x00001213,0x00000147,0x00050085,0x00000025,0x00001216,0x00001214,
	0x00000675,0x00070050,0x0000003b,0x0000117a,0x0000120b,0x00001216,0x000000c4,0x000000c4,
	0x000200f9,0x00001184,0x000200f8,0x00001170,0x0004007c,0x00000025,0x00001172,0x00001640,
	0x00070050,0x0000003b,0x00001173,0x00001172,0x000000c4,0x000000c4,0x000000c4,0x000200f9,
	0x00001184,0x000200f8,0x00001162,0x000500c7,0x00000006,0x0000118f,0x00001640,0x000000e6,
	0x000500c7,0x00000006,0x00001191,0x00001640,0x000000ee,0x000500c2,0x00000006,0x00001193,
	0x0000118f,0x000000f2,0x000500aa,0x000000cb,0x00001195,0x00001193,0x0000008b,0x000500ab,
	0x000000cb,0x00001197,0x00001191,0x0000008b,0x000500a7,0x000000cb,0x00001198,0x00001195,
	0x00001197,0x000300f7,0x000011a6,0x00000000,0x000400fa,0x00001198,0x00001199,0x000011a6,
	0x000200f8,0x00001199,0x0006000c,0x00000006,0x0000119b,0x00000001,0x0000004b,0x00001191,
	0x00050082,0x00000006,0x0000119d,0x000000f2,0x0000119b,0x0004007c,0x0000005b,0x0000119f,
	0x0000119d,0x00050082,0x0000005b,0x000011a0,0x00000101,0x0000119f,0x0004007c,0x00000006,
	0x000011a1,0x000011a0,0x000500c4,0x00000006,0x000011a4,0x00001191,0x0000119d,0x000500c7,
	0x00000006,0x000011a5,0x000011a4,0x000000ee,0x000200f9,0x000011a6,0x000200f8,0x000011a6,
	0x000700f5,0x00000006,0x00001657,0x00001191,0x00001162,0x000011a5,0x00001199,0x000700f5,
	0x00000006,0x00001656,0x00001193,0x00001162,0x000011a1,0x00001199,0x000500ab,0x000000cb,
	0x000011a8,0x0000118f,0x0000008b,0x00050080,0x00000006,0x000011aa,0x00001656,0x0000010d,
	0x000500c4,0x00000006,0x000011ab,0x000011aa,0x000000b6,0x000500c4,0x00000006,0x000011ad,
	0x00001657,0x000000e1,0x000500c5,0x00000006,0x000011ae,0x000011ab,0x000011ad,0x0004007c,
	0x00000025,0x000011af,0x000011ae,0x000600a9,0x00000025,0x000011b0,0x000011a8,0x000011af,
	0x000000c4,0x000500c2,0x00000006,0x00001166,0x00001640,0x00000185,0x000500c7,0x00000006,
	0x000011b7,0x00001166,0x000000e6,0x000500c7,0x00000006,0x000011b9,0x00001166,0x000000ee,
	0x000500c2,0x00000006,0x000011bb,0x000011b7,0x000000f2,0x000500aa,0x000000cb,0x000011bd,
	0x000011bb,0x0000008b,0x000500ab,0x000000cb,0x000011bf,0x000011b9,0x0000008b,0x000500a7,
	0x000000cb,0x000011c0,0x000011bd,0x000011bf,0x000300f7,0x000011ce,0x00000000,0x000400fa,
	0x000011c0,0x000011c1,0x000011ce,0x000200f8,0x000011c1,0x0006000c,0x00000006,0x000011c3,
	0x00000001,0x0000004b,0x000011b9,0x00050082,0x00000006,0x000011c5,0x000000f2,0x000011c3,
	0x0004007c,0x0000005b,0x000011c7,0x000011c5,0x00050082,0x0000005b,0x000011c8,0x00000101,
	0x000011c7,0x0004007c,0x00000006,0x000011c9,0x000011c8,0x000500c4,0x00000006,0x000011cc,
	0x000011b9,0x000011c5,0x000500c7,0x00000006,0x000011cd,0x000011cc,0x000000ee,0x000200f9,
	0x000011ce,0x000200f8,0x000011ce,0x000700f5,0x00000006,0x00001659,0x000011b9,0x000011a6,
	0x000011cd,0x000011c1,0x000700f5,0x00000006,0x00001658,0x000011bb,0x000011a6,0x000011c9,
	0x000011c1,0x000500ab,0x000000cb,0x000011d0,0x000011b7,0x0000008b,0x00050080,0x00000006,
	0x000011d2,0x00001658,0x0000010d,0x000500c4,0x00000006,0x000011d3,0x000011d2,0x000000b6,
	0x000500c4,0x00000006,0x000011d5,0x00001659,0x000000e1,0x000500c5,0x00000006,0x000011d6,
	0x000011d3,0x000011d5,0x0004007c,0x00000025,0x000011d7,0x000011d6,0x000600a9,0x00000025,
	0x000011d8,0x000011d0,0x000011d7,0x000000c4,0x000500c2,0x00000006,0x00001169,0x00001640,
	0x0000018d,0x000500c7,0x00000006,0x000011df,0x00001169,0x000000e6,0x000500c7,0x00000006,
	0x000011e1,0x00001169,0x000000ee,0x000500c2,0x00000006,0x000011e3,0x000011df,0x000000f2,
	0x000500aa,0x000000cb,0x000011e5,0x000011e3,0x0000008b,0x000500ab,0x000000cb,0x000011e7,
	0x000011e1,0x0000008b,0x000500a7,0x000000cb,0x000011e8,0x000011e5,0x000011e7,0x000300f7,
	0x000011f6,0x00000000,0x000400fa,0x000011e8,0x000011e9,0x000011f6,0x000200f8,0x000011e9,
	0x0006000c,0x00000006,0x000011eb,0x00000001,0x0000004b,0x000011e1,0x00050082,0x00000006,
	0x000011ed,0x000000f2,0x000011eb,0x0004007c,0x0000005b,0x000011ef,0x000011ed,0x00050082,
	0x0000005b,0x000011f0,0x00000101,0x000011ef,0x0004007c,0x00000006,0x000011f1,0x000011f0,
	0x000500c4,0x00000006,0x000011f4,0x000011e1,0x000011ed,0x000500c7,0x00000006,0x000011f5,
	0x000011f4,0x000000ee,0x000200f9,0x000011f6,0x000200f8,0x000011f6,0x000700f5,0x00000006,
	0x0000165b,0x000011e1,0x000011ce,0x000011f5,0x000011e9,0x000700f5,0x00000006,0x0000165a,
	0x000011e3,0x000011ce,0x000011f1,0x000011e9,0x000500ab,0x000000cb,0x000011f8,0x000011df,
	0x0000008b,0x00050080,0x00000006,0x000011fa,0x0000165a,0x0000010d,0x000500c4,0x00000006,
	0x000011fb,0x000011fa,0x000000b6,0x000500c4,0x00000006,0x000011fd,0x0000165b,0x000000e1,
	0x000500c5,0x00000006,0x000011fe,0x000011fb,0x000011fd,0x0004007c,0x00000025,0x000011ff,
	0x000011fe,0x000600a9,0x00000025,0x00001200,0x000011f8,0x000011ff,0x000000c4,0x000500c2,
	0x00000006,0x0000116c,0x00001640,0x00000196,0x00040070,0x00000025,0x0000116d,0x0000116c,
	0x00050085,0x00000025,0x0000116e,0x0000116d,0x000001e5,0x00070050,0x0000003b,0x0000116f,
	0x000011b0,0x000011d8,0x00001200,0x0000116e,0x000200f9,0x00001184,0x000200f8,0x0000114c,
	0x000500c7,0x00000006,0x0000114e,0x00001640,0x000000e6,0x00040070,0x00000025,0x0000114f,
	0x0000114e,0x000500c2,0x00000006,0x00001151,0x00001640,0x00000185,0x000500c7,0x00000006,
	0x00001152,0x00001151,0x000000e6,0x00040070,0x00000025,0x00001153,0x00001152,0x000500c2,
	0x00000006,0x00001155,0x00001640,0x0000018d,0x000500c7,0x00000006,0x00001156,0x00001155,
	0x000000e6,0x00040070,0x00000025,0x00001157,0x00001156,0x00060050,0x000001de,0x00001158,
	0x0000114f,0x00001153,0x00001157,0x0005008e,0x000001de,0x00001159,0x00001158,0x000001e0,
	0x000500c2,0x00000006,0x0000115b,0x00001640,0x00000196,0x00040070,0x00000025,0x0000115c,
	0x0000115b,0x00050085,0x00000025,0x0000115d,0x0000115c,0x000001e5,0x00050051,0x00000025,
	0x0000115e,0x00001159,0x00000000,0x00050051,0x00000025,0x0000115f,0x00001159,0x00000001,
	0x00050051,0x00000025,0x00001160,0x00001159,0x00000002,0x00070050,0x0000003b,0x00001161,
	0x0000115e,0x0000115f,0x00001160,0x0000115d,0x000200f9,0x00001184,0x000200f8,0x0000113b,
	0x000500c7,0x00000006,0x0000113d,0x00001640,0x0000009e,0x00040070,0x00000025,0x0000113e,
	0x0000113d,0x000500c2,0x00000006,0x00001140,0x00001640,0x00000168,0x000500c7,0x00000006,
	0x00001141,0x00001140,0x0000009e,0x00040070,0x00000025,0x00001142,0x00001141,0x000500c2,
	0x00000006,0x00001144,0x00001640,0x000000e1,0x000500c7,0x00000006,0x00001145,0x00001144,
	0x0000009e,0x00040070,0x00000025,0x00001146,0x00001145,0x000500c2,0x00000006,0x00001148,
	0x00001640,0x000000d6,0x00040070,0x00000025,0x00001149,0x00001148,0x00070050,0x0000003b,
	0x0000114a,0x0000113e,0x00001142,0x00001146,0x00001149,0x0005008e,0x0000003b,0x0000114b,
	0x0000114a,0x00000139,0x000200f9,0x00001184,0x000200f8,0x0000113a,0x000200f9,0x00001184,
	0x000200f8,0x00001184,0x001100f5,0x0000003b,0x0000165e,0x00000214,0x0000113a,0x0000114b,
	0x0000113b,0x00001161,0x0000114c,0x0000116f,0x000011f6,0x00001173,0x00001170,0x0000117a,
	0x00001174,0x00001183,0x0000117b,0x000200f9,0x00001187,0x000200f8,0x00001187,0x000200f9,
	0x00000b4e,0x000200f8,0x00000b42,0x00050041,0x00000416,0x00000e17,0x00000415,0x00000369,
	0x0004003d,0x00000006,0x00000e18,0x00000e17,0x000500c2,0x00000006,0x00000e19,0x00000e18,
	0x000000f2,0x000500c7,0x00000006,0x00000e1a,0x00000e19,0x00000088,0x000500ab,0x000000cb,
	0x00000e1b,0x00000e1a,0x0000008b,0x000600a9,0x00000006,0x00000e1c,0x00000e1b,0x00000088,
	0x0000008b,0x00050041,0x00000416,0x00000e1d,0x00000415,0x00000369,0x0004003d,0x00000006,
	0x00000e1e,0x00000e1d,0x000500c2,0x00000006,0x00000e1f,0x00000e1e,0x0000041f,0x000500c7,
	0x00000006,0x00000e20,0x00000e1f,0x00000088,0x000500ab,0x000000cb,0x00000e21,0x00000e20,
	0x0000008b,0x000600a9,0x00000006,0x00000e22,0x00000e21,0x0000016c,0x0000008b,0x000500c5,
	0x00000006,0x00000e23,0x00000e1c,0x00000e22,0x00050041,0x00000416,0x00000e24,0x00000415,
	0x0000037c,0x0004003d,0x00000006,0x00000e25,0x00000e24,0x0003003e,0x00000e10,0x000006da,
	0x00050041,0x00000416,0x00000e29,0x00000415,0x00000394,0x0004003d,0x00000006,0x00000e2a,
	0x00000e29,0x000500c2,0x00000006,0x00000f1a,0x00000e25,0x000000a3,0x000500c7,0x00000006,
	0x00000f1b,0x00000f1a,0x000000a5,0x000500ae,0x000000cb,0x00000e62,0x00000f1b,0x0000016c,
	0x000600a9,0x00000006,0x00000e63,0x00000e62,0x00000088,0x0000008b,0x000500ae,0x000000cb,
	0x00000e65,0x00000f1b,0x00000088,0x000600a9,0x00000006,0x00000e66,0x00000e65,0x00000088,
	0x0000008b,0x00050041,0x00000009,0x00000e67,0x00000e10,0x0000008b,0x0004003d,0x00000006,
	0x00000e68,0x00000e67,0x000500c4,0x00000006,0x00000e6a,0x00000e68,0x00000e63,0x000500ae,
	0x000000cb,0x00000e6c,0x00000f1b,0x0000016c,0x000500c7,0x00000006,0x00000e6e,0x000006d9,
	0x00000088,0x000600a9,0x00000006,0x00000e6f,0x00000e6c,0x00000e6e,0x0000008b,0x00050080,
	0x00000006,0x00000e70,0x00000e6a,0x00000e6f,0x00050041,0x00000009,0x00000e71,0x00000e10,
	0x00000088,0x0004003d,0x00000006,0x00000e72,0x00000e71,0x000500c4,0x00000006,0x00000e74,
	0x00000e72,0x00000e66,0x000500ae,0x000000cb,0x00000e76,0x00000f1b,0x0000016c,0x000500c2,
	0x00000006,0x00000e78,0x000006d9,0x00000088,0x000500aa,0x000000cb,0x00000e7a,0x00000f1b,
	0x00000088,0x000600a9,0x00000006,0x00000e7c,0x00000e7a,0x000006d9,0x0000008b,0x000600a9,
	0x00000006,0x00000e7d,0x00000e76,0x00000e78,0x00000e7c,0x00050080,0x00000006,0x00000e7e,
	0x00000e74,0x00000e7d,0x000500c2,0x00000006,0x00000f1f,0x00000e25,0x000000aa,0x000500c7,
	0x00000006,0x00000f20,0x00000f1f,0x00000088,0x000500ab,0x000000cb,0x00000e81,0x00000f20,
	0x0000008b,0x00050084,0x00000006,0x00000e83,0x00000e70,0x0000016c,0x00050080,0x00000006,
	0x00000e85,0x00000e83,0x00000088,0x000600a9,0x00000006,0x00000e87,0x00000e81,0x00000e85,
	0x00000e70,0x00050086,0x00000006,0x00000e89,0x00000e87,0x000002a2,0x00050089,0x00000006,
	0x00000e8b,0x00000e87,0x000002a2,0x000500c2,0x00000006,0x00000e8d,0x00000e7e,0x000002a9,
	0x000500c7,0x00000006,0x00000e8f,0x00000e7e,0x000000b8,0x000500c7,0x00000006,0x00000f24,
	0x00000e25,0x00000097,0x000500c2,0x00000006,0x00000f28,0x00000e25,0x0000009c,0x000500c7,
	0x00000006,0x00000f29,0x00000f28,0x0000009e,0x000500c2,0x00000006,0x00000f2d,0x00000e25,
	0x000000aa,0x000500c7,0x00000006,0x00000f2e,0x00000f2d,0x00000088,0x000500c4,0x00000006,
	0x00000e97,0x00000f29,0x00000f2e,0x00050084,0x00000006,0x00000e98,0x00000e8d,0x00000e97,
	0x00050080,0x00000006,0x00000e99,0x00000f24,0x00000e98,0x00050080,0x00000006,0x00000e9b,
	0x00000e99,0x00000e89,0x000500c7,0x00000006,0x00000e9c,0x00000e9b,0x00000097,0x000500c7,
	0x00000006,0x00000f32,0x00000e2a,0x00000097,0x00050082,0x00000006,0x00000ea0,0x00000e9c,
	0x00000f32,0x000500c7,0x00000006,0x00000ea1,0x00000ea0,0x00000097,0x000500c2,0x00000006,
	0x00000f36,0x00000e2a,0x0000009c,0x000500c7,0x00000006,0x00000f37,0x00000f36,0x0000009e,
	0x000500c2,0x00000006,0x00000f3b,0x00000e2a,0x000000aa,0x000500c7,0x00000006,0x00000f3c,
	0x00000f3b,0x00000088,0x000500c4,0x00000006,0x00000ea6,0x00000f37,0x00000f3c,0x00050089,
	0x00000006,0x00000ea9,0x00000ea1,0x00000ea6,0x00050086,0x00000006,0x00000eac,0x00000ea1,
	0x00000ea6,0x000500c2,0x00000006,0x00000f40,0x00000e2a,0x000000b0,0x000500c7,0x00000006,
	0x00000f41,0x00000f40,0x00000088,0x000500c2,0x00000006,0x00000f45,0x00000e25,0x000000b0,
	0x000500c7,0x00000006,0x00000f46,0x00000f45,0x00000088,0x000500ab,0x000000cb,0x00000eb1,
	0x00000f41,0x00000f46,0x000300f7,0x00000eb6,0x00000000,0x000400fa,0x00000eb1,0x00000eb2,
	0x00000eb6,0x000200f8,0x00000eb2,0x00050080,0x00000006,0x00000eb4,0x00000e8b,0x000002e0,
	0x00050089,0x00000006,0x00000eb5,0x00000eb4,0x000002a2,0x000200f9,0x00000eb6,0x000200f8,
	0x00000eb6,0x000700f5,0x00000006,0x0000165f,0x00000e8b,0x00000b42,0x00000eb5,0x00000eb2,
	0x000500c2,0x00000006,0x00000f4a,0x00000e2a,0x000000a3,0x000500c7,0x00000006,0x00000f4b,
	0x00000f4a,0x000000a5,0x00050084,0x00000006,0x00000eba,0x00000ea9,0x000002a2,0x00050080,
	0x00000006,0x00000ebc,0x00000eba,0x0000165f,0x000500c2,0x00000006,0x00000f4f,0x00000e2a,
	0x000000aa,0x000500c7,0x00000006,0x00000f50,0x00000f4f,0x00000088,0x000500ab,0x000000cb,
	0x00000ebf,0x00000f50,0x0000008b,0x000300f7,0x00000ec5,0x00000000,0x000400fa,0x00000ebf,
	0x00000ec0,0x00000ec5,0x000200f8,0x00000ec0,0x000500c2,0x00000006,0x00000ec4,0x00000ebc,
	0x00000088,0x000200f9,0x00000ec5,0x000200f8,0x00000ec5,0x000700f5,0x00000006,0x00001660,
	0x00000ebc,0x00000eb6,0x00000ec4,0x00000ec0,0x00050084,0x00000006,0x00000ec7,0x00000eac,
	0x000000e1,0x00050080,0x00000006,0x00000ec9,0x00000ec7,0x00000e8f,0x000500ae,0x000000cb,
	0x00000ecb,0x00000f4b,0x0000016c,0x000600a9,0x00000006,0x00000ecc,0x00000ecb,0x00000088,
	0x0000008b,0x000500ae,0x000000cb,0x00000ece,0x00000f4b,0x00000088,0x000600a9,0x00000006,
	0x00000ecf,0x00000ece,0x00000088,0x0000008b,0x000500c2,0x00000006,0x00000ed2,0x00001660,
	0x00000ecc,0x0004007c,0x0000005b,0x00000ed3,0x00000ed2,0x000500c2,0x00000006,0x00000ed6,
	0x00000ec9,0x00000ecf,0x0004007c,0x0000005b,0x00000ed7,0x00000ed6,0x00050050,0x00000304,
	0x00000ed8,0x00000ed3,0x00000ed7,0x0004007c,0x0000005b,0x00000eda,0x0000067a,0x00050050,
	0x00000304,0x00000edb,0x00000eda,0x00000eda,0x00050084,0x00000304,0x00000edc,0x00000ed8,
	0x00000edb,0x0004007c,0x00000304,0x00000ede,0x000015ee,0x00050080,0x00000304,0x00000edf,
	0x00000edc,0x00000ede,0x000200f9,0x00000f72,0x000200f8,0x00000f72,0x0004003d,0x0000032c,
	0x00000eee,0x0000032e,0x00050051,0x0000005b,0x00000ef0,0x00000edf,0x00000000,0x00050051,
	0x0000005b,0x00000ef1,0x00000edf,0x00000001,0x00060050,0x00000332,0x00000ef2,0x00000ef0,
	0x00000ef1,0x00000331,0x0007004f,0x00000304,0x00000ef3,0x00000ef2,0x00000ef2,0x00000000,
	0x00000001,0x0007005f,0x0000003b,0x00000ef9,0x00000eee,0x00000ef3,0x00000002,0x00000331,
	0x0003003e,0x00000e55,0x00000ef9,0x000500c2,0x00000006,0x00000f77,0x00000e2a,0x000000b6,
	0x000500c7,0x00000006,0x00000f78,0x00000f77,0x000000b8,0x000500aa,0x000000cb,0x00000efd,
	0x00000f78,0x00000088,0x000500c7,0x00000006,0x00000eff,0x00000e23,0x0000016c,0x000500ab,
	0x000000cb,0x00000f00,0x00000eff,0x0000008b,0x000500a7,0x000000cb,0x00000f01,0x00000efd,
	0x00000f00,0x000300f7,0x00000f13,0x00000000,0x000400fa,0x00000f01,0x00000f02,0x00000f13,
	0x000200f8,0x00000f02,0x00050041,0x00000026,0x00000f03,0x00000e55,0x0000008b,0x0004003d,
	0x00000025,0x00000f04,0x00000f03,0x0008000c,0x00000025,0x00000f7e,0x00000001,0x0000002b,
	0x00000f04,0x000000c4,0x00000118,0x000500be,0x000000cb,0x00000f80,0x00000f7e,0x0000011b,
	0x000300f7,0x00000f8d,0x00000000,0x000400fa,0x00000f80,0x00000f81,0x00000f87,0x000200f8,
	0x00000f87,0x000500be,0x000000cb,0x00000f89,0x00000f7e,0x0000012d,0x000300f7,0x00000f8c,
	0x00000000,0x000400fa,0x00000f89,0x00000f8a,0x00000f8b,0x000200f8,0x00000f8b,0x000200f9,
	0x00000f8c,0x000200f8,0x00000f8a,0x000200f9,0x00000f8c,0x000200f8,0x00000f8c,0x000700f5,
	0x00000025,0x00001688,0x00000132,0x00000f8a,0x000000c4,0x00000f8b,0x000700f5,0x00000025,
	0x00001685,0x00000131,0x00000f8a,0x00000134,0x00000f8b,0x000200f9,0x00000f8d,0x000200f8,
	0x00000f81,0x000500be,0x000000cb,0x00000f83,0x00000f7e,0x00000120,0x000300f7,0x00000f86,
	0x00000000,0x000400fa,0x00000f83,0x00000f84,0x00000f85,0x000200f8,0x00000f85,0x000200f9,
	0x00000f86,0x000200f8,0x00000f84,0x000200f9,0x00000f86,0x000200f8,0x00000f86,0x000700f5,
	0x00000025,0x00001687,0x00000127,0x00000f84,0x0000012a,0x00000f85,0x000700f5,0x00000025,
	0x00001684,0x00000125,0x00000f84,0x00000129,0x00000f85,0x000200f9,0x00000f8d,0x000200f8,
	0x00000f8d,0x000700f5,0x00000025,0x00001686,0x00001687,0x00000f86,0x00001688,0x00000f8c,
	0x000700f5,0x00000025,0x00001683,0x00001684,0x00000f86,0x00001685,0x00000f8c,0x00050085,
	0x00000025,0x00000f90,0x00000f7e,0x00001683,0x0006000c,0x00000025,0x00000f91,0x00000001,
	0x00000003,0x00000f90,0x00050085,0x00000025,0x00000f92,0x00000f91,0x00000139,0x00050081,
	0x00000025,0x00000f94,0x00000f92,0x00001686,0x00050041,0x00000026,0x00000f06,0x00000e55,
	0x00000088,0x0004003d,0x00000025,0x00000f07,0x00000f06,0x0008000c,0x00000025,0x00000f9a,
	0x00000001,0x0000002b,0x00000f07,0x000000c4,0x00000118,0x000500be,0x000000cb,0x00000f9c,
	0x00000f9a,0x0000011b,0x000300f7,0x00000fa9,0x00000000,0x000400fa,0x00000f9c,0x00000f9d,
	0x00000fa3,0x000200f8,0x00000fa3,0x000500be,0x000000cb,0x00000fa5,0x00000f9a,0x0000012d,
	0x000300f7,0x00000fa8,0x00000000,0x000400fa,0x00000fa5,0x00000fa6,0x00000fa7,0x000200f8,
	0x00000fa7,0x000200f9,0x00000fa8,0x000200f8,0x00000fa6,0x000200f9,0x00000fa8,0x000200f8,
	0x00000fa8,0x000700f5,0x00000025,0x0000168e,0x00000132,0x00000fa6,0x000000c4,0x00000fa7,
	0x000700f5,0x00000025,0x0000168b,0x00000131,0x00000fa6,0x00000134,0x00000fa7,0x000200f9,
	0x00000fa9,0x000200f8,0x00000f9d,0x000500be,0x000000cb,0x00000f9f,0x00000f9a,0x00000120,
	0x000300f7,0x00000fa2,0x00000000,0x000400fa,0x00000f9f,0x00000fa0,0x00000fa1,0x000200f8,
	0x00000fa1,0x000200f9,0x00000fa2,0x000200f8,0x00000fa0,0x000200f9,0x00000fa2,0x000200f8,
	0x00000fa2,0x000700f5,0x00000025,0x0000168d,0x00000127,0x00000fa0,0x0000012a,0x00000fa1,
	0x000700f5,0x00000025,0x0000168a,0x00000125,0x00000fa0,0x00000129,0x00000fa1,0x000200f9,
	0x00000fa9,0x000200f8,0x00000fa9,0x000700f5,0x00000025,0x0000168c,0x0000168d,0x00000fa2,
	0x0000168e,0x00000fa8,0x000700f5,0x00000025,0x00001689,0x0000168a,0x00000fa2,0x0000168b,
	0x00000fa8,0x00050085,0x00000025,0x00000fac,0x00000f9a,0x00001689,0x0006000c,0x00000025,
	0x00000fad,0x00000001,0x00000003,0x00000fac,0x00050085,0x00000025,0x00000fae,0x00000fad,
	0x00000139,0x00050081,0x00000025,0x00000fb0,0x00000fae,0x0000168c,0x00050041,0x00000026,
	0x00000f09,0x00000e55,0x0000016c,0x0004003d,0x00000025,0x00000f0a,0x00000f09,0x0008000c,
	0x00000025,0x00000fb6,0x00000001,0x0000002b,0x00000f0a,0x000000c4,0x00000118,0x000500be,
	0x000000cb,0x00000fb8,0x00000fb6,0x0000011b,0x000300f7,0x00000fc5,0x00000000,0x000400fa,
	0x00000fb8,0x00000fb9,0x00000fbf,0x000200f8,0x00000fbf,0x000500be,0x000000cb,0x00000fc1,
	0x00000fb6,0x0000012d,0x000300f7,0x00000fc4,0x00000000,0x000400fa,0x00000fc1,0x00000fc2,
	0x00000fc3,0x000200f8,0x00000fc3,0x000200f9,0x00000fc4,0x000200f8,0x00000fc2,0x000200f9,
	0x00000fc4,0x000200f8,0x00000fc4,0x000700f5,0x00000025,0x00001694,0x00000132,0x00000fc2,
	0x000000c4,0x00000fc3,0x000700f5,0x00000025,0x00001691,0x00000131,0x00000fc2,0x00000134,
	0x00000fc3,0x000200f9,0x00000fc5,0x000200f8,0x00000fb9,0x000500be,0x000000cb,0x00000fbb,
	0x00000fb6,0x00000120,0x000300f7,0x00000fbe,0x00000000,0x000400fa,0x00000fbb,0x00000fbc,
	0x00000fbd,0x000200f8,0x00000fbd,0x000200f9,0x00000fbe,0x000200f8,0x00000fbc,0x000200f9,
	0x00000fbe,0x000200f8,0x00000fbe,0x000700f5,0x00000025,0x00001693,0x00000127,0x00000fbc,
	0x0000012a,0x00000fbd,0x000700f5,0x00000025,0x00001690,0x00000125,0x00000fbc,0x00000129,
	0x00000fbd,0x000200f9,0x00000fc5,0x000200f8,0x00000fc5,0x000700f5,0x00000025,0x00001692,
	0x00001693,0x00000fbe,0x00001694,0x00000fc4,0x000700f5,0x00000025,0x0000168f,0x00001690,
	0x00000fbe,0x00001691,0x00000fc4,0x00050085,0x00000025,0x00000fc8,0x00000fb6,0x0000168f,
	0x0006000c,0x00000025,0x00000fc9,0x00000001,0x00000003,0x00000fc8,0x00050085,0x00000025,
	0x00000fca,0x00000fc9,0x00000139,0x00050081,0x00000025,0x00000fcc,0x00000fca,0x00001692,
	0x00050041,0x00000026,0x00000f0d,0x00000e55,0x0000008b,0x0003003e,0x00000f0d,0x00000f94,
	0x00050041,0x00000026,0x00000f0f,0x00000e55,0x00000088,0x0003003e,0x00000f0f,0x00000fb0,
	0x00050041,0x00000026,0x00000f11,0x00000e55,0x0000016c,0x0003003e,0x00000f11,0x00000fcc,
	0x000200f9,0x00000f13,0x000200f8,0x00000f13,0x0004003d,0x0000003b,0x00000f14,0x00000e55,
	0x0003003e,0x00000e5b,0x00000f14,0x000200f9,0x00000fe6,0x000200f8,0x00000fe6,0x000300f7,
	0x00001026,0x00000000,0x001100fb,0x00000f78,0x00000fe8,0x00000000,0x00000fe9,0x00000001,
	0x00000fe9,0x00000002,0x00000ffc,0x0000000a,0x00000ffc,0x00000003,0x0000100f,0x0000000c,
	0x0000100f,0x0000000e,0x00001022,0x000200f8,0x00001022,0x00050041,0x00000026,0x00001023,
	0x00000e5b,0x0000008b,0x0004003d,0x00000025,0x00001024,0x00001023,0x0004007c,0x00000006,
	0x00001025,0x00001024,0x000200f9,0x00001026,0x000200f8,0x0000100f,0x00050041,0x00000026,
	0x00001010,0x00000e5b,0x0000008b,0x0004003d,0x00000025,0x00001011,0x00001010,0x0008000c,
	0x00000025,0x00001070,0x00000001,0x0000002b,0x00001011,0x000000c4,0x000000c5,0x0004007c,
	0x00000006,0x00001071,0x00001070,0x000500b0,0x000000cb,0x00001073,0x00001071,0x000000ca,
	0x000500c7,0x00000006,0x00001075,0x00001071,0x000000cf,0x000500c5,0x00000006,0x00001076,
	0x000000cd,0x00001075,0x000500c2,0x00000006,0x00001078,0x00001071,0x000000b6,0x00050082,
	0x00000006,0x00001079,0x000000d2,0x00001078,0x0007000c,0x00000006,0x0000107a,0x00000001,
	0x00000026,0x00001079,0x000000d6,0x000500c2,0x00000006,0x0000107b,0x00001076,0x0000107a,
	0x00050080,0x00000006,0x0000107d,0x00001071,0x000000da,0x000600a9,0x00000006,0x0000107e,
	0x00001073,0x0000107b,0x0000107d,0x00050080,0x00000006,0x00001080,0x0000107e,0x000000de,
	0x000500c2,0x00000006,0x00001082,0x0000107e,0x000000e1,0x000500c7,0x00000006,0x00001083,
	0x00001082,0x00000088,0x00050080,0x00000006,0x00001084,0x00001080,0x00001083,0x000500c2,
	0x00000006,0x00001085,0x00001084,0x000000e1,0x000500c7,0x00000006,0x00001086,0x00001085,
	0x000000e6,0x00050041,0x00000026,0x00001013,0x00000e5b,0x00000088,0x0004003d,0x00000025,
	0x00001014,0x00001013,0x0008000c,0x00000025,0x0000108c,0x00000001,0x0000002b,0x00001014,
	0x000000c4,0x000000c5,0x0004007c,0x00000006,0x0000108d,0x0000108c,0x000500b0,0x000000cb,
	0x0000108f,0x0000108d,0x000000ca,0x000500c7,0x00000006,0x00001091,0x0000108d,0x000000cf,
	0x000500c5,0x00000006,0x00001092,0x000000cd,0x00001091,0x000500c2,0x00000006,0x00001094,
	0x0000108d,0x000000b6,0x00050082,0x00000006,0x00001095,0x000000d2,0x00001094,0x0007000c,
	0x00000006,0x00001096,0x00000001,0x00000026,0x00001095,0x000000d6,0x000500c2,0x00000006,
	0x00001097,0x00001092,0x00001096,0x00050080,0x00000006,0x00001099,0x0000108d,0x000000da,
	0x000600a9,0x00000006,0x0000109a,0x0000108f,0x00001097,0x00001099,0x00050080,0x00000006,
	0x0000109c,0x0000109a,0x000000de,0x000500c2,0x00000006,0x0000109e,0x0000109a,0x000000e1,
	0x000500c7,0x00000006,0x0000109f,0x0000109e,0x00000088,0x00050080,0x00000006,0x000010a0,
	0x0000109c,0x0000109f,0x000500c2,0x00000006,0x000010a1,0x000010a0,0x000000e1,0x000500c7,
	0x00000006,0x000010a2,0x000010a1,0x000000e6,0x000500c4,0x00000006,0x00001016,0x000010a2,
	0x00000185,0x000500c5,0x00000006,0x00001017,0x00001086,0x00001016,0x00050041,0x00000026,
	0x00001018,0x00000e5b,0x0000016c,0x0004003d,0x00000025,0x00001019,0x00001018,0x0008000c,
	0x00000025,0x000010a8,0x00000001,0x0000002b,0x00001019,0x000000c4,0x000000c5,0x0004007c,
	0x00000006,0x000010a9,0x000010a8,0x000500b0,0x000000cb,0x000010ab,0x000010a9,0x000000ca,
	0x000500c7,0x00000006,0x000010ad,0x000010a9,0x000000cf,0x000500c5,0x00000006,0x000010ae,
	0x000000cd,0x000010ad,0x000500c2,0x00000006,0x000010b0,0x000010a9,0x000000b6,0x00050082,
	0x00000006,0x000010b1,0x000000d2,0x000010b0,0x0007000c,0x00000006,0x000010b2,0x00000001,
	0x00000026,0x000010b1,0x000000d6,0x000500c2,0x00000006,0x000010b3,0x000010ae,0x000010b2,
	0x00050080,0x00000006,0x000010b5,0x000010a9,0x000000da,0x000600a9,0x00000006,0x000010b6,
	0x000010ab,0x000010b3,0x000010b5,0x00050080,0x00000006,0x000010b8,0x000010b6,0x000000de,
	0x000500c2,0x00000006,0x000010ba,0x000010b6,0x000000e1,0x000500c7,0x00000006,0x000010bb,
	0x000010ba,0x00000088,0x00050080,0x00000006,0x000010bc,0x000010b8,0x000010bb,0x000500c2,
	0x00000006,0x000010bd,0x000010bc,0x000000e1,0x000500c7,0x00000006,0x000010be,0x000010bd,
	0x000000e6,0x000500c4,0x00000006,0x0000101b,0x000010be,0x0000018d,0x000500c5,0x00000006,
	0x0000101c,0x00001017,0x0000101b,0x00050041,0x00000026,0x0000101d,0x00000e5b,0x000000a5,
	0x0004003d,0x00000025,0x0000101e,0x0000101d,0x0008000c,0x00000025,0x000010c2,0x00000001,
	0x0000002b,0x0000101e,0x000000c4,0x00000118,0x00050085,0x00000025,0x000010c4,0x000010c2,
	0x00000190,0x00050081,0x00000025,0x000010c5,0x000010c4,0x00000151,0x0004006d,0x00000006,
	0x000010c6,0x000010c5,0x000500c4,0x00000006,0x00001020,0x000010c6,0x00000196,0x000500c5,
	0x00000006,0x00001021,0x0000101c,0x00001020,0x000200f9,0x00001026,0x000200f8,0x00000ffc,
	0x00050041,0x00000026,0x00000ffd,0x00000e5b,0x0000008b,0x0004003d,0x00000025,0x00000ffe,
	0x00000ffd,0x0008000c,0x00000025,0x0000104e,0x00000001,0x0000002b,0x00000ffe,0x000000c4,
	0x00000118,0x00050085,0x00000025,0x00001050,0x0000104e,0x00000134,0x00050081,0x00000025,
	0x00001051,0x00001050,0x00000151,0x0004006d,0x00000006,0x00001052,0x00001051,0x00050041,
	0x00000026,0x00001000,0x00000e5b,0x00000088,0x0004003d,0x00000025,0x00001001,0x00001000,
	0x0008000c,0x00000025,0x00001056,0x00000001,0x0000002b,0x00001001,0x000000c4,0x00000118,
	0x00050085,0x00000025,0x00001058,0x00001056,0x00000134,0x00050081,0x00000025,0x00001059,
	0x00001058,0x00000151,0x0004006d,0x00000006,0x0000105a,0x00001059,0x000500c4,0x00000006,
	0x00001003,0x0000105a,0x00000185,0x000500c5,0x00000006,0x00001004,0x00001052,0x00001003,
	0x00050041,0x00000026,0x00001005,0x00000e5b,0x0000016c,0x0004003d,0x00000025,0x00001006,
	0x00001005,0x0008000c,0x00000025,0x0000105e,0x00000001,0x0000002b,0x00001006,0x000000c4,
	0x00000118,0x00050085,0x00000025,0x00001060,0x0000105e,0x00000134,0x00050081,0x00000025,
	0x00001061,0x00001060,0x00000151,0x0004006d,0x00000006,0x00001062,0x00001061,0x000500c4,
	0x00000006,0x00001008,0x00001062,0x0000018d,0x000500c5,0x00000006,0x00001009,0x00001004,
	0x00001008,0x00050041,0x00000026,0x0000100a,0x00000e5b,0x000000a5,0x0004003d,0x00000025,
	0x0000100b,0x0000100a,0x0008000c,0x00000025,0x00001066,0x00000001,0x0000002b,0x0000100b,
	0x000000c4,0x00000118,0x00050085,0x00000025,0x00001068,0x00001066,0x00000190,0x00050081,
	0x00000025,0x00001069,0x00001068,0x00000151,0x0004006d,0x00000006,0x0000106a,0x00001069,
	0x000500c4,0x00000006,0x0000100d,0x0000106a,0x00000196,0x000500c5,0x00000006,0x0000100e,
	0x00001009,0x0000100d,0x000200f9,0x00001026,0x000200f8,0x00000fe9,0x00050041,0x00000026,
	0x00000fea,0x00000e5b,0x0000008b,0x0004003d,0x00000025,0x00000feb,0x00000fea,0x0008000c,
	0x00000025,0x0000102e,0x00000001,0x0000002b,0x00000feb,0x000000c4,0x00000118,0x00050085,
	0x00000025,0x00001030,0x0000102e,0x0000015d,0x00050081,0x00000025,0x00001031,0x00001030,
	0x00000151,0x0004006d,0x00000006,0x00001032,0x00001031,0x00050041,0x00000026,0x00000fed,
	0x00000e5b,0x00000088,0x0004003d,0x00000025,0x00000fee,0x00000fed,0x0008000c,0x00000025,
	0x00001036,0x00000001,0x0000002b,0x00000fee,0x000000c4,0x00000118,0x00050085,0x00000025,
	0x00001038,0x00001036,0x0000015d,0x00050081,0x00000025,0x00001039,0x00001038,0x00000151,
	0x0004006d,0x00000006,0x0000103a,0x00001039,0x000500c4,0x00000006,0x00000ff0,0x0000103a,
	0x00000168,0x000500c5,0x00000006,0x00000ff1,0x00001032,0x00000ff0,0x00050041,0x00000026,
	0x00000ff2,0x00000e5b,0x0000016c,0x0004003d,0x00000025,0x00000ff3,0x00000ff2,0x0008000c,
	0x00000025,0x0000103e,0x00000001,0x0000002b,0x00000ff3,0x000000c4,0x00000118,0x00050085,
	0x00000025,0x00001040,0x0000103e,0x0000015d,0x00050081,0x00000025,0x00001041,0x00001040,
	0x00000151,0x0004006d,0x00000006,0x00001042,0x00001041,0x000500c4,0x00000006,0x00000ff5,
	0x00001042,0x000000e1,0x000500c5,0x00000006,0x00000ff6,0x00000ff1,0x00000ff5,0x00050041,
	0x00000026,0x00000ff7,0x00000e5b,0x000000a5,0x0004003d,0x00000025,0x00000ff8,0x00000ff7,
	0x0008000c,0x00000025,0x00001046,0x00000001,0x0000002b,0x00000ff8,0x000000c4,0x00000118,
	0x00050085,0x00000025,0x00001048,0x00001046,0x0000015d,0x00050081,0x00000025,0x00001049,
	0x00001048,0x00000151,0x0004006d,0x00000006,0x0000104a,0x00001049,0x000500c4,0x00000006,
	0x00000ffa,0x0000104a,0x000000d6,0x000500c5,0x00000006,0x00000ffb,0x00000ff6,0x00000ffa,
	0x000200f9,0x00001026,0x000200f8,0x00000fe8,0x000200f9,0x00001026,0x000200f8,0x00001026,
	0x000d00f5,0x00000006,0x00001697,0x0000008b,0x00000fe8,0x00000ffb,0x00000fe9,0x0000100e,
	0x00000ffc,0x00001021,0x0000100f,0x00001025,0x00001022,0x000200f9,0x00001029,0x000200f8,
	0x00001029,0x00050050,0x00000007,0x00000b47,0x00001640,0x00001697,0x0003003e,0x00000b35,
	0x00000b47,0x000200f9,0x000010cf,0x000200f8,0x000010cf,0x000300f7,0x000010fe,0x00000000,
	0x000900fb,0x00000b2b,0x000010d1,0x00000005,0x000010d2,0x00000007,0x000010e2,0x0000000f,
	0x000010f6,0x000200f8,0x000010f6,0x00050041,0x00000009,0x000010f7,0x00000b35,0x0000008b,
	0x0004003d,0x00000006,0x000010f8,0x000010f7,0x0004007c,0x00000025,0x000010f9,0x000010f8,
	0x00050041,0x00000009,0x000010fa,0x00000b35,0x00000088,0x0004003d,0x00000006,0x000010fb,
	0x000010fa,0x0004007c,0x00000025,0x000010fc,0x000010fb,0x00070050,0x0000003b,0x000010fd,
	0x000010f9,0x000010fc,0x000000c4,0x000000c4,0x000200f9,0x000010fe,0x000200f8,0x000010e2,
	0x00050041,0x00000009,0x000010e3,0x00000b35,0x0000008b,0x0004003d,0x00000006,0x000010e4,
	0x000010e3,0x0006000c,0x0000020b,0x000010e5,0x00000001,0x0000003e,0x000010e4,0x00050051,
	0x00000025,0x000010e6,0x000010e5,0x00000000,0x00050041,0x00000009,0x000010e7,0x00000b35,
	0x0000008b,0x0004003d,0x00000006,0x000010e8,0x000010e7,0x000500c2,0x00000006,0x000010e9,
	0x000010e8,0x000000e1,0x0006000c,0x0000020b,0x000010ea,0x00000001,0x0000003e,0x000010e9,
	0x00050051,0x00000025,0x000010eb,0x000010ea,0x00000000,0x00050041,0x00000009,0x000010ec,
	0x00000b35,0x00000088,0x0004003d,0x00000006,0x000010ed,0x000010ec,0x0006000c,0x0000020b,
	0x000010ee,0x00000001,0x0000003e,0x000010ed,0x00050051,0x00000025,0x000010ef,0x000010ee,
	0x00000000,0x00050041,0x00000009,0x000010f0,0x00000b35,0x00000088,0x0004003d,0x00000006,
	0x000010f1,0x000010f0,0x000500c2,0x00000006,0x000010f2,0x000010f1,0x000000e1,0x0006000c,
	0x0000020b,0x000010f3,0x00000001,0x0000003e,0x000010f2,0x00050051,0x00000025,0x000010f4,
	0x000010f3,0x00000000,0x00070050,0x0000003b,0x000010f5,0x000010e6,0x000010eb,0x000010ef,
	0x000010f4,0x000200f9,0x000010fe,0x000200f8,0x000010d2,0x00050041,0x00000009,0x000010d3,
	0x00000b35,0x0000008b,0x0004003d,0x00000006,0x000010d4,0x000010d3,0x000500c4,0x00000006,
	0x00001106,0x000010d4,0x000000e1,0x0004007c,0x0000005b,0x00001107,0x00001106,0x000500c3,
	0x0000005b,0x00001108,0x00001107,0x00000142,0x0004006f,0x00000025,0x00001109,0x00001108,
	0x00050085,0x00000025,0x0000110a,0x00001109,0x00000145,0x0007000c,0x00000025,0x0000110b,
	0x00000001,0x00000028,0x0000110a,0x00000147,0x00050085,0x00000025,0x0000110d,0x0000110b,
	0x00000675,0x00050041,0x00000009,0x000010d6,0x00000b35,0x0000008b,0x0004003d,0x00000006,
	0x000010d7,0x000010d6,0x000500c2,0x00000006,0x000010d8,0x000010d7,0x000000e1,0x000500c4,
	0x00000006,0x00001111,0x000010d8,0x000000e1,0x0004007c,0x0000005b,0x00001112,0x00001111,
	0x000500c3,0x0000005b,0x00001113,0x00001112,0x00000142,0x0004006f,0x00000025,0x00001114,
	0x00001113,0x00050085,0x00000025,0x00001115,0x00001114,0x00000145,0x0007000c,0x00000025,
	0x00001116,0x00000001,0x00000028,0x00001115,0x00000147,0x00050085,0x00000025,0x00001118,
	0x00001116,0x00000675,0x00050041,0x00000009,0x000010da,0x00000b35,0x00000088,0x0004003d,
	0x00000006,0x000010db,0x000010da,0x000500c4,0x00000006,0x0000111c,0x000010db,0x000000e1,
	0x0004007c,0x0000005b,0x0000111d,0x0000111c,0x000500c3,0x0000005b,0x0000111e,0x0000111d,
	0x00000142,0x0004006f,0x00000025,0x0000111f,0x0000111e,0x00050085,0x00000025,0x00001120,
	0x0000111f,0x00000145,0x0007000c,0x00000025,0x00001121,0x00000001,0x00000028,0x00001120,
	0x00000147,0x00050085,0x00000025,0x00001123,0x00001121,0x00000675,0x00050041,0x00000009,
	0x000010dd,0x00000b35,0x00000088,0x0004003d,0x00000006,0x000010de,0x000010dd,0x000500c2,
	0x00000006,0x000010df,0x000010de,0x000000e1,0x000500c4,0x00000006,0x00001127,0x000010df,
	0x000000e1,0x0004007c,0x0000005b,0x00001128,0x00001127,0x000500c3,0x0000005b,0x00001129,
	0x00001128,0x00000142,0x0004006f,0x00000025,0x0000112a,0x00001129,0x00050085,0x00000025,
	0x0000112b,0x0000112a,0x00000145,0x0007000c,0x00000025,0x0000112c,0x00000001,0x00000028,
	0x0000112b,0x00000147,0x00050085,0x00000025,0x0000112e,0x0000112c,0x00000675,0x00070050,
	0x0000003b,0x000010e1,0x0000110d,0x00001118,0x00001123,0x0000112e,0x000200f9,0x000010fe,
	0x000200f8,0x000010d1,0x000200f9,0x000010fe,0x000200f8,0x000010fe,0x000b00f5,0x0000003b,
	0x000016ab,0x00000214,0x000010d1,0x000010e1,0x000010d2,0x000010f5,0x000010e2,0x000010fd,
	0x000010f6,0x000200f9,0x00001101,0x000200f8,0x00001101,0x000200f9,0x00000b4e,0x000200f8,
	0x00000b4e,0x000700f5,0x0000003b,0x000016ac,0x000016ab,0x00001101,0x0000165e,0x00001187,
	0x0004003d,0x0000003b,0x000006dd,0x00000625,0x00050081,0x0000003b,0x000006de,0x000006dd,
	0x000016ac,0x0003003e,0x00000625,0x000006de,0x000200f9,0x000006df,0x000200f8,0x000006df,
	0x00050080,0x00000006,0x000006e1,0x000015ef,0x00000101,0x000200f9,0x000006d1,0x000200f8,
	0x000006e2,0x00040070,0x00000025,0x000006e4,0x000015f1,0x00050088,0x00000025,0x000006e5,
	0x00000118,0x000006e4,0x0004003d,0x0000003b,0x000006e6,0x00000625,0x0005008e,0x0000003b,
	0x000006e7,0x000006e6,0x000006e5,0x00050041,0x00000416,0x000006e8,0x00000415,0x00000369,
	0x0004003d,0x00000006,0x000006e9,0x000006e8,0x000500c4,0x00000006,0x000006ea,0x000006e9,
	0x000000e1,0x0004007c,0x0000005b,0x000006eb,0x000006ea,0x000500c3,0x0000005b,0x000006ec,
	0x000006eb,0x00000520,0x00050080,0x0000005b,0x000006ee,0x00000522,0x000006ec,0x0004007c,
	0x00000006,0x000006ef,0x000006ee,0x000500c4,0x00000006,0x000006f0,0x000006ef,0x000000b6,
	0x0004007c,0x00000025,0x000006f1,0x000006f0,0x0005008e,0x0000003b,0x000006f3,0x000006e7,
	0x000006f1,0x0003003e,0x00000625,0x000006f3,0x00050041,0x00000416,0x000006f4,0x00000415,
	0x00000369,0x0004003d,0x00000006,0x000006f5,0x000006f4,0x000500c2,0x00000006,0x000006f6,
	0x000006f5,0x0000052c,0x000500c7,0x00000006,0x000006f7,0x000006f6,0x00000088,0x000500ab,
	0x000000cb,0x000006f8,0x000006f7,0x0000008b,0x000300f7,0x000006fc,0x00000000,0x000400fa,
	0x000006f8,0x000006f9,0x000006fc,0x000200f8,0x000006f9,0x0004003d,0x0000003b,0x000006fa,
	0x00000625,0x0009004f,0x0000003b,0x000006fb,0x000006fa,0x000006fa,0x00000002,0x00000001,
	0x00000000,0x00000003,0x0003003e,0x00000625,0x000006fb,0x000200f9,0x000006fc,0x000200f8,
	0x000006fc,0x000500aa,0x000000cb,0x000006fe,0x0000068b,0x0000008b,0x000300f7,0x00000785,
	0x00000000,0x000400fa,0x000006fe,0x000006ff,0x00000708,0x000200f8,0x00000708,0x000500aa,
	0x000000cb,0x0000070a,0x0000068b,0x00000088,0x000300f7,0x00000784,0x00000000,0x000400fa,
	0x0000070a,0x0000070b,0x00000714,0x000200f8,0x00000714,0x000500aa,0x000000cb,0x00000716,
	0x0000068b,0x0000016c,0x000300f7,0x00000783,0x00000000,0x000400fa,0x00000716,0x00000717,
	0x00000721,0x000200f8,0x00000721,0x000500aa,0x000000cb,0x00000723,0x0000068b,0x0000056a,
	0x000300f7,0x00000782,0x00000000,0x000400fa,0x00000723,0x00000724,0x00000751,0x000200f8,
	0x00000751,0x00050041,0x00000026,0x00000752,0x00000625,0x0000008b,0x0004003d,0x00000025,
	0x00000753,0x00000752,0x00050050,0x0000020b,0x00000754,0x00000753,0x000000c4,0x0006000c,
	0x00000006,0x00000755,0x00000001,0x0000003a,0x00000754,0x00050041,0x00000026,0x00000756,
	0x00000625,0x00000088,0x0004003d,0x00000025,0x00000757,0x00000756,0x00050050,0x0000020b,
	0x00000758,0x00000757,0x000000c4,0x0006000c,0x00000006,0x00000759,0x00000001,0x0000003a,
	0x00000758,0x000500c4,0x00000006,0x0000075a,0x00000759,0x000000e1,0x000500c5,0x00000006,
	0x0000075b,0x00000755,0x0000075a,0x00050041,0x00000026,0x0000075c,0x00000625,0x0000016c,
	0x0004003d,0x00000025,0x0000075d,0x0000075c,0x00050050,0x0000020b,0x0000075e,0x0000075d,
	0x000000c4,0x0006000c,0x00000006,0x0000075f,0x00000001,0x0000003a,0x0000075e,0x00050041,
	0x00000026,0x00000760,0x00000625,0x000000a5,0x0004003d,0x00000025,0x00000761,0x00000760,
	0x00050050,0x0000020b,0x00000762,0x00000761,0x000000c4,0x0006000c,0x00000006,0x00000763,
	0x00000001,0x0000003a,0x00000762,0x000500c4,0x00000006,0x00000764,0x00000763,0x000000e1,
	0x000500c5,0x00000006,0x00000765,0x0000075f,0x00000764,0x00050050,0x00000007,0x00000766,
	0x0000075b,0x00000765,0x0003003e,0x0000064c,0x00000766,0x000500c2,0x0000005b,0x00000768,
	0x000015f5,0x0000037c,0x00050041,0x00000009,0x0000076a,0x0000064c,0x0000008b,0x0004003d,
	0x00000006,0x0000076b,0x0000076a,0x000500aa,0x000000cb,0x0000154d,0x0000068f,0x00000088,
	0x000300f7,0x00001571,0x00000000,0x000400fa,0x0000154d,0x0000154e,0x00001556,0x000200f8,
	0x00001556,0x000500aa,0x000000cb,0x00001558,0x0000068f,0x0000016c,0x000300f7,0x00001570,
	0x00000000,0x000400fa,0x00001558,0x00001559,0x00001566,0x000200f8,0x00001566,0x000500aa,
	0x000000cb,0x00001568,0x0000068f,0x000000a5,0x000300f7,0x0000156f,0x00000000,0x000400fa,
	0x00001568,0x00001569,0x0000156f,0x000200f8,0x00001569,0x000500c4,0x00000006,0x0000156b,
	0x0000076b,0x000000e1,0x000500c2,0x00000006,0x0000156d,0x0000076b,0x000000e1,0x000500c5,
	0x00000006,0x0000156e,0x0000156b,0x0000156d,0x000200f9,0x0000156f,0x000200f8,0x0000156f,
	0x000700f5,0x00000006,0x000015f8,0x0000076b,0x00001566,0x0000156e,0x00001569,0x000200f9,
	0x00001570,0x000200f8,0x00001559,0x000500c7,0x00000006,0x0000155b,0x0000076b,0x000003ec,
	0x000500c4,0x00000006,0x0000155c,0x0000155b,0x00000168,0x000500c7,0x00000006,0x0000155e,
	0x0000076b,0x000003f0,0x000500c2,0x00000006,0x0000155f,0x0000155e,0x00000168,0x000500c5,
	0x00000006,0x00001560,0x0000155c,0x0000155f,0x000500c4,0x00000006,0x00001562,0x00001560,
	0x000000e1,0x000500c2,0x00000006,0x00001564,0x00001560,0x000000e1,0x000500c5,0x00000006,
	0x00001565,0x00001562,0x00001564,0x000200f9,0x00001570,0x000200f8,0x00001570,0x000700f5,
	0x00000006,0x000015f7,0x00001565,0x00001559,0x000015f8,0x0000156f,0x000200f9,0x00001571,
	0x000200f8,0x0000154e,0x000500c7,0x00000006,0x00001550,0x0000076b,0x000003ec,0x000500c4,
	0x00000006,0x00001551,0x00001550,0x00000168,0x000500c7,0x00000006,0x00001553,0x0000076b,
	0x000003f0,0x000500c2,0x00000006,0x00001554,0x00001553,0x00000168,0x000500c5,0x00000006,
	0x00001555,0x00001551,0x00001554,0x000200f9,0x00001571,0x000200f8,0x00001571,0x000700f5,
	0x00000006,0x000015f6,0x00001555,0x0000154e,0x000015f7,0x00001570,0x000200f9,0x0000159a,
	0x000200f8,0x0000159a,0x00060041,0x000004f7,0x00000774,0x000004eb,0x00000331,0x00000768,
	0x0003003e,0x00000774,0x000015f6,0x00050080,0x0000005b,0x00000776,0x00000768,0x00000101,
	0x000200f9,0x000015c3,0x000200f8,0x000015c3,0x00050041,0x00000009,0x0000077b,0x0000064c,
	0x00000088,0x0004003d,0x00000006,0x0000077c,0x0000077b,0x000500aa,0x000000cb,0x000015c8,
	0x0000068f,0x00000088,0x000300f7,0x000015ec,0x00000000,0x000400fa,0x000015c8,0x000015c9,
	0x000015d1,0x000200f8,0x000015d1,0x000500aa,0x000000cb,0x000015d3,0x0000068f,0x0000016c,
	0x000300f7,0x000015eb,0x00000000,0x000400fa,0x000015d3,0x000015d4,0x000015e1,0x000200f8,
	0x000015e1,0x000500aa,0x000000cb,0x000015e3,0x0000068f,0x000000a5,0x000300f7,0x000015ea,
	0x00000000,0x000400fa,0x000015e3,0x000015e4,0x000015ea,0x000200f8,0x000015e4,0x000500c4,
	0x00000006,0x000015e6,0x0000077c,0x000000e1,0x000500c2,0x00000006,0x000015e8,0x0000077c,
	0x000000e1,0x000500c5,0x00000006,0x000015e9,0x000015e6,0x000015e8,0x000200f9,0x000015ea,
	0x000200f8,0x000015ea,0x000700f5,0x00000006,0x00001601,0x0000077c,0x000015e1,0x000015e9,
	0x000015e4,0x000200f9,0x000015eb,0x000200f8,0x000015d4,0x000500c7,0x00000006,0x000015d6,
	0x0000077c,0x000003ec,0x000500c4,0x00000006,0x000015d7,0x000015d6,0x00000168,0x000500c7,
	0x00000006,0x000015d9,0x0000077c,0x000003f0,0x000500c2,0x00000006,0x000015da,0x000015d9,
	0x00000168,0x000500c5,0x00000006,0x000015db,0x000015d7,0x000015da,0x000500c4,0x00000006,
	0x000015dd,0x000015db,0x000000e1,0x000500c2,0x00000006,0x000015df,0x000015db,0x000000e1,
	0x000500c5,0x00000006,0x000015e0,0x000015dd,0x000015df,0x000200f9,0x000015eb,0x000200f8,
	0x000015eb,0x000700f5,0x00000006,0x00001600,0x000015e0,0x000015d4,0x00001601,0x000015ea,
	0x000200f9,0x000015ec,0x000200f8,0x000015c9,0x000500c7,0x00000006,0x000015cb,0x0000077c,
	0x000003ec,0x000500c4,0x00000006,0x000015cc,0x000015cb,0x00000168,0x000500c7,0x00000006,
	0x000015ce,0x0000077c,0x000003f0,0x000500c2,0x00000006,0x000015cf,0x000015ce,0x00000168,
	0x000500c5,0x00000006,0x000015d0,0x000015cc,0x000015cf,0x000200f9,0x000015ec,0x000200f8,
	0x000015ec,0x000700f5,0x00000006,0x000015ff,0x000015d0,0x000015c9,0x00001600,0x000015eb,
	0x00060041,0x000004f7,0x00000781,0x000004eb,0x00000331,0x00000776,0x0003003e,0x00000781,
	0x000015ff,0x000200f9,0x00000782,0x000200f8,0x00000724,0x00050041,0x00000026,0x00000725,
	0x00000625,0x0000008b,0x0004003d,0x00000025,0x00000726,0x00000725,0x0008000c,0x00000025,
	0x00001489,0x00000001,0x0000002b,0x00000726,0x000000c4,0x00000118,0x00050085,0x00000025,
	0x0000148b,0x00001489,0x0000056f,0x00050081,0x00000025,0x0000148c,0x0000148b,0x00000151,
	0x0004006d,0x00000006,0x0000148d,0x0000148c,0x00050041,0x00000026,0x00000728,0x00000625,
	0x00000088,0x0004003d,0x00000025,0x00000729,0x00000728,0x0008000c,0x00000025,0x00001491,
	0x00000001,0x0000002b,0x00000729,0x000000c4,0x00000118,0x00050085,0x00000025,0x00001493,
	0x00001491,0x0000056f,0x00050081,0x00000025,0x00001494,0x00001493,0x00000151,0x0004006d,
	0x00000006,0x00001495,0x00001494,0x000500c4,0x00000006,0x0000072b,0x00001495,0x000000e1,
	0x000500c5,0x00000006,0x0000072c,0x0000148d,0x0000072b,0x00050041,0x00000026,0x0000072d,
	0x00000625,0x0000016c,0x0004003d,0x00000025,0x0000072e,0x0000072d,0x0008000c,0x00000025,
	0x00001499,0x00000001,0x0000002b,0x0000072e,0x000000c4,0x00000118,0x00050085,0x00000025,
	0x0000149b,0x00001499,0x0000056f,0x00050081,0x00000025,0x0000149c,0x0000149b,0x00000151,
	0x0004006d,0x00000006,0x0000149d,0x0000149c,0x00050041,0x00000026,0x00000730,0x00000625,
	0x000000a5,0x0004003d,0x00000025,0x00000731,0x00000730,0x0008000c,0x00000025,0x000014a1,
	0x00000001,0x0000002b,0x00000731,0x000000c4,0x00000118,0x00050085,0x00000025,0x000014a3,
	0x000014a1,0x0000056f,0x00050081,0x00000025,0x000014a4,0x000014a3,0x00000151,0x0004006d,
	0x00000006,0x000014a5,0x000014a4,0x000500c4,0x00000006,0x00000733,0x000014a5,0x000000e1,
	0x000500c5,0x00000006,0x00000734,0x0000149d,0x00000733,0x00050050,0x00000007,0x00000735,
	0x0000072c,0x00000734,0x0003003e,0x0000063a,0x00000735,0x000500c2,0x0000005b,0x00000737,
	0x000015f5,0x0000037c,0x00050041,0x00000009,0x00000739,0x0000063a,0x0000008b,0x0004003d,
	0x00000006,0x0000073a,0x00000739,0x000500aa,0x000000cb,0x000014a9,0x0000068f,0x00000088,
	0x000300f7,0x000014cd,0x00000000,0x000400fa,0x000014a9,0x000014aa,0x000014b2,0x000200f8,
	0x000014b2,0x000500aa,0x000000cb,0x000014b4,0x0000068f,0x0000016c,0x000300f7,0x000014cc,
	0x00000000,0x000400fa,0x000014b4,0x000014b5,0x000014c2,0x000200f8,0x000014c2,0x000500aa,
	0x000000cb,0x000014c4,0x0000068f,0x000000a5,0x000300f7,0x000014cb,0x00000000,0x000400fa,
	0x000014c4,0x000014c5,0x000014cb,0x000200f8,0x000014c5,0x000500c4,0x00000006,0x000014c7,
	0x0000073a,0x000000e1,0x000500c2,0x00000006,0x000014c9,0x0000073a,0x000000e1,0x000500c5,
	0x00000006,0x000014ca,0x000014c7,0x000014c9,0x000200f9,0x000014cb,0x000200f8,0x000014cb,
	0x000700f5,0x00000006,0x00001604,0x0000073a,0x000014c2,0x000014ca,0x000014c5,0x000200f9,
	0x000014cc,0x000200f8,0x000014b5,0x000500c7,0x00000006,0x000014b7,0x0000073a,0x000003ec,
	0x000500c4,0x00000006,0x000014b8,0x000014b7,0x00000168,0x000500c7,0x00000006,0x000014ba,
	0x0000073a,0x000003f0,0x000500c2,0x00000006,0x000014bb,0x000014ba,0x00000168,0x000500c5,
	0x00000006,0x000014bc,0x000014b8,0x000014bb,0x000500c4,0x00000006,0x000014be,0x000014bc,
	0x000000e1,0x000500c2,0x00000006,0x000014c0,0x000014bc,0x000000e1,0x000500c5,0x00000006,
	0x000014c1,0x000014be,0x000014c0,0x000200f9,0x000014cc,0x000200f8,0x000014cc,0x000700f5,
	0x00000006,0x00001603,0x000014c1,0x000014b5,0x00001604,0x000014cb,0x000200f9,0x000014cd,
	0x000200f8,0x000014aa,0x000500c7,0x00000006,0x000014ac,0x0000073a,0x000003ec,0x000500c4,
	0x00000006,0x000014ad,0x000014ac,0x00000168,0x000500c7,0x00000006,0x000014af,0x0000073a,
	0x000003f0,0x000500c2,0x00000006,0x000014b0,0x000014af,0x00000168,0x000500c5,0x00000006,
	0x000014b1,0x000014ad,0x000014b0,0x000200f9,0x000014cd,0x000200f8,0x000014cd,0x000700f5,
	0x00000006,0x00001602,0x000014b1,0x000014aa,0x00001603,0x000014cc,0x000200f9,0x000014f6,
	0x000200f8,0x000014f6,0x00060041,0x000004f7,0x00000743,0x000004eb,0x00000331,0x00000737,
	0x0003003e,0x00000743,0x00001602,0x00050080,0x0000005b,0x00000745,0x00000737,0x00000101,
	0x000200f9,0x0000151f,0x000200f8,0x0000151f,0x00050041,0x00000009,0x0000074a,0x0000063a,
	0x00000088,0x0004003d,0x00000006,0x0000074b,0x0000074a,0x000500aa,0x000000cb,0x00001524,
	0x0000068f,0x00000088,0x000300f7,0x00001548,0x00000000,0x000400fa,0x00001524,0x00001525,
	0x0000152d,0x000200f8,0x0000152d,0x000500aa,0x000000cb,0x0000152f,0x0000068f,0x0000016c,
	0x000300f7,0x00001547,0x00000000,0x000400fa,0x0000152f,0x00001530,0x0000153d,0x000200f8,
	0x0000153d,0x000500aa,0x000000cb,0x0000153f,0x0000068f,0x000000a5,0x000300f7,0x00001546,
	0x00000000,0x000400fa,0x0000153f,0x00001540,0x00001546,0x000200f8,0x00001540,0x000500c4,
	0x00000006,0x00001542,0x0000074b,0x000000e1,0x000500c2,0x00000006,0x00001544,0x0000074b,
	0x000000e1,0x000500c5,0x00000006,0x00001545,0x00001542,0x00001544,0x000200f9,0x00001546,
	0x000200f8,0x00001546,0x000700f5,0x00000006,0x0000160d,0x0000074b,0x0000153d,0x00001545,
	0x00001540,0x000200f9,0x00001547,0x000200f8,0x00001530,0x000500c7,0x00000006,0x00001532,
	0x0000074b,0x000003ec,0x000500c4,0x00000006,0x00001533,0x00001532,0x00000168,0x000500c7,
	0x00000006,0x00001535,0x0000074b,0x000003f0,0x000500c2,0x00000006,0x00001536,0x00001535,
	0x00000168,0x000500c5,0x00000006,0x00001537,0x00001533,0x00001536,0x000500c4,0x00000006,
	0x00001539,0x00001537,0x000000e1,0x000500c2,0x00000006,0x0000153b,0x00001537,0x000000e1,
	0x000500c5,0x00000006,0x0000153c,0x00001539,0x0000153b,0x000200f9,0x00001547,0x000200f8,
	0x00001547,0x000700f5,0x00000006,0x0000160c,0x0000153c,0x00001530,0x0000160d,0x00001546,
	0x000200f9,0x00001548,0x000200f8,0x00001525,0x000500c7,0x00000006,0x00001527,0x0000074b,
	0x000003ec,0x000500c4,0x00000006,0x00001528,0x00001527,0x00000168,0x000500c7,0x00000006,
	0x0000152a,0x0000074b,0x000003f0,0x000500c2,0x00000006,0x0000152b,0x0000152a,0x00000168,
	0x000500c5,0x00000006,0x0000152c,0x00001528,0x0000152b,0x000200f9,0x00001548,0x000200f8,
	0x00001548,0x000700f5,0x00000006,0x0000160b,0x0000152c,0x00001525,0x0000160c,0x00001547,
	0x00060041,0x000004f7,0x00000750,0x000004eb,0x00000331,0x00000745,0x0003003e,0x00000750,
	0x0000160b,0x000200f9,0x00000782,0x000200f8,0x00000782,0x000200f9,0x00000783,0x000200f8,
	0x00000717,0x000500c2,0x0000005b,0x00000719,0x000015f5,0x0000037c,0x00050041,0x00000026,
	0x0000071b,0x00000625,0x0000008b,0x0004003d,0x00000025,0x0000071c,0x0000071b,0x0004007c,
	0x00000006,0x0000071d,0x0000071c,0x000500aa,0x000000cb,0x00001460,0x0000068f,0x00000088,
	0x000300f7,0x00001484,0x00000000,0x000400fa,0x00001460,0x00001461,0x00001469,0x000200f8,
	0x00001469,0x000500aa,0x000000cb,0x0000146b,0x0000068f,0x0000016c,0x000300f7,0x00001483,
	0x00000000,0x000400fa,0x0000146b,0x0000146c,0x00001479,0x000200f8,0x00001479,0x000500aa,
	0x000000cb,0x0000147b,0x0000068f,0x000000a5,0x000300f7,0x00001482,0x00000000,0x000400fa,
	0x0000147b,0x0000147c,0x00001482,0x000200f8,0x0000147c,0x000500c4,0x00000006,0x0000147e,
	0x0000071d,0x000000e1,0x000500c2,0x00000006,0x00001480,0x0000071d,0x000000e1,0x000500c5,
	0x00000006,0x00001481,0x0000147e,0x00001480,0x000200f9,0x00001482,0x000200f8,0x00001482,
	0x000700f5,0x00000006,0x00001610,0x0000071d,0x00001479,0x00001481,0x0000147c,0x000200f9,
	0x00001483,0x000200f8,0x0000146c,0x000500c7,0x00000006,0x0000146e,0x0000071d,0x000003ec,
	0x000500c4,0x00000006,0x0000146f,0x0000146e,0x00000168,0x000500c7,0x00000006,0x00001471,
	0x0000071d,0x000003f0,0x000500c2,0x00000006,0x00001472,0x00001471,0x00000168,0x000500c5,
	0x00000006,0x00001473,0x0000146f,0x00001472,0x000500c4,0x00000006,0x00001475,0x00001473,
	0x000000e1,0x000500c2,0x00000006,0x00001477,0x00001473,0x000000e1,0x000500c5,0x00000006,
	0x00001478,0x00001475,0x00001477,0x000200f9,0x00001483,0x000200f8,0x00001483,0x000700f5,
	0x00000006,0x0000160f,0x00001478,0x0000146c,0x00001610,0x00001482,0x000200f9,0x00001484,
	0x000200f8,0x00001461,0x000500c7,0x00000006,0x00001463,0x0000071d,0x000003ec,0x000500c4,
	0x00000006,0x00001464,0x00001463,0x00000168,0x000500c7,0x00000006,0x00001466,0x0000071d,
	0x000003f0,0x000500c2,0x00000006,0x00001467,0x00001466,0x00000168,0x000500c5,0x00000006,
	0x00001468,0x00001464,0x00001467,0x000200f9,0x00001484,0x000200f8,0x00001484,0x000700f5,
	0x00000006,0x0000160e,0x00001468,0x00001461,0x0000160f,0x00001483,0x00060041,0x000004f7,
	0x00000720,0x000004eb,0x00000331,0x00000719,0x0003003e,0x00000720,0x0000160e,0x000200f9,
	0x00000783,0x000200f8,0x00000783,0x000200f9,0x00000784,0x000200f8,0x0000070b,0x000500c2,
	0x0000005b,0x0000070d,0x000015f5,0x0000037c,0x0004003d,0x0000003b,0x0000070f,0x00000625,
	0x0003003e,0x00000633,0x0000070f,0x000200f9,0x00001353,0x000200f8,0x00001353,0x000200f9,
	0x00001369,0x000200f8,0x00001369,0x00050041,0x00000026,0x0000136a,0x00000633,0x0000008b,
	0x0004003d,0x00000025,0x0000136b,0x0000136a,0x0008000c,0x00000025,0x000013bb,0x00000001,
	0x0000002b,0x0000136b,0x000000c4,0x00000118,0x00050085,0x00000025,0x000013bd,0x000013bb,
	0x00000134,0x00050081,0x00000025,0x000013be,0x000013bd,0x00000151,0x0004006d,0x00000006,
	0x000013bf,0x000013be,0x00050041,0x00000026,0x0000136d,0x00000633,0x00000088,0x0004003d,
	0x00000025,0x0000136e,0x0000136d,0x0008000c,0x00000025,0x000013c3,0x00000001,0x0000002b,
	0x0000136e,0x000000c4,0x00000118,0x00050085,0x00000025,0x000013c5,0x000013c3,0x00000134,
	0x00050081,0x00000025,0x000013c6,0x000013c5,0x00000151,0x0004006d,0x00000006,0x000013c7,
	0x000013c6,0x000500c4,0x00000006,0x00001370,0x000013c7,0x00000185,0x000500c5,0x00000006,
	0x00001371,0x000013bf,0x00001370,0x00050041,0x00000026,0x00001372,0x00000633,0x0000016c,
	0x0004003d,0x00000025,0x00001373,0x00001372,0x0008000c,0x00000025,0x000013cb,0x00000001,
	0x0000002b,0x00001373,0x000000c4,0x00000118,0x00050085,0x00000025,0x000013cd,0x000013cb,
	0x00000134,0x00050081,0x00000025,0x000013ce,0x000013cd,0x00000151,0x0004006d,0x00000006,
	0x000013cf,0x000013ce,0x000500c4,0x00000006,0x00001375,0x000013cf,0x0000018d,0x000500c5,
	0x00000006,0x00001376,0x00001371,0x00001375,0x00050041,0x00000026,0x00001377,0x00000633,
	0x000000a5,0x0004003d,0x00000025,0x00001378,0x00001377,0x0008000c,0x00000025,0x000013d3,
	0x00000001,0x0000002b,0x00001378,0x000000c4,0x00000118,0x00050085,0x00000025,0x000013d5,
	0x000013d3,0x00000190,0x00050081,0x00000025,0x000013d6,0x000013d5,0x00000151,0x0004006d,
	0x00000006,0x000013d7,0x000013d6,0x000500c4,0x00000006,0x0000137a,0x000013d7,0x00000196,
	0x000500c5,0x00000006,0x0000137b,0x00001376,0x0000137a,0x000200f9,0x00001393,0x000200f8,
	0x00001393,0x000200f9,0x00001396,0x000200f8,0x00001396,0x000500aa,0x000000cb,0x00001437,
	0x0000068f,0x00000088,0x000300f7,0x0000145b,0x00000000,0x000400fa,0x00001437,0x00001438,
	0x00001440,0x000200f8,0x00001440,0x000500aa,0x000000cb,0x00001442,0x0000068f,0x0000016c,
	0x000300f7,0x0000145a,0x00000000,0x000400fa,0x00001442,0x00001443,0x00001450,0x000200f8,
	0x00001450,0x000500aa,0x000000cb,0x00001452,0x0000068f,0x000000a5,0x000300f7,0x00001459,
	0x00000000,0x000400fa,0x00001452,0x00001453,0x00001459,0x000200f8,0x00001453,0x000500c4,
	0x00000006,0x00001455,0x0000137b,0x000000e1,0x000500c2,0x00000006,0x00001457,0x0000137b,
	0x000000e1,0x000500c5,0x00000006,0x00001458,0x00001455,0x00001457,0x000200f9,0x00001459,
	0x000200f8,0x00001459,0x000700f5,0x00000006,0x00001616,0x0000137b,0x00001450,0x00001458,
	0x00001453,0x000200f9,0x0000145a,0x000200f8,0x00001443,0x000500c7,0x00000006,0x00001445,
	0x0000137b,0x000003ec,0x000500c4,0x00000006,0x00001446,0x00001445,0x00000168,0x000500c7,
	0x00000006,0x00001448,0x0000137b,0x000003f0,0x000500c2,0x00000006,0x00001449,0x00001448,
	0x00000168,0x000500c5,0x00000006,0x0000144a,0x00001446,0x00001449,0x000500c4,0x00000006,
	0x0000144c,0x0000144a,0x000000e1,0x000500c2,0x00000006,0x0000144e,0x0000144a,0x000000e1,
	0x000500c5,0x00000006,0x0000144f,0x0000144c,0x0000144e,0x000200f9,0x0000145a,0x000200f8,
	0x0000145a,0x000700f5,0x00000006,0x00001615,0x0000144f,0x00001443,0x00001616,0x00001459,
	0x000200f9,0x0000145b,0x000200f8,0x00001438,0x000500c7,0x00000006,0x0000143a,0x0000137b,
	0x000003ec,0x000500c4,0x00000006,0x0000143b,0x0000143a,0x00000168,0x000500c7,0x00000006,
	0x0000143d,0x0000137b,0x000003f0,0x000500c2,0x00000006,0x0000143e,0x0000143d,0x00000168,
	0x000500c5,0x00000006,0x0000143f,0x0000143b,0x0000143e,0x000200f9,0x0000145b,0x000200f8,
	0x0000145b,0x000700f5,0x00000006,0x00001614,0x0000143f,0x00001438,0x00001615,0x0000145a,
	0x00060041,0x000004f7,0x00000713,0x000004eb,0x00000331,0x0000070d,0x0003003e,0x00000713,
	0x00001614,0x000200f9,0x00000784,0x000200f8,0x00000784,0x000200f9,0x00000785,0x000200f8,
	0x000006ff,0x000500c2,0x0000005b,0x00000701,0x000015f5,0x0000037c,0x0004003d,0x0000003b,
	0x00000703,0x00000625,0x0003003e,0x0000062e,0x00000703,0x000200f9,0x00001230,0x000200f8,
	0x00001230,0x000200f9,0x00001233,0x000200f8,0x00001233,0x00050041,0x00000026,0x00001234,
	0x0000062e,0x0000008b,0x0004003d,0x00000025,0x00001235,0x00001234,0x0008000c,0x00000025,
	0x00001278,0x00000001,0x0000002b,0x00001235,0x000000c4,0x00000118,0x00050085,0x00000025,
	0x0000127a,0x00001278,0x0000015d,0x00050081,0x00000025,0x0000127b,0x0000127a,0x00000151,
	0x0004006d,0x00000006,0x0000127c,0x0000127b,0x00050041,0x00000026,0x00001237,0x0000062e,
	0x00000088,0x0004003d,0x00000025,0x00001238,0x00001237,0x0008000c,0x00000025,0x00001280,
	0x00000001,0x0000002b,0x00001238,0x000000c4,0x00000118,0x00050085,0x00000025,0x00001282,
	0x00001280,0x0000015d,0x00050081,0x00000025,0x00001283,0x00001282,0x00000151,0x0004006d,
	0x00000006,0x00001284,0x00001283,0x000500c4,0x00000006,0x0000123a,0x00001284,0x00000168,
	0x000500c5,0x00000006,0x0000123b,0x0000127c,0x0000123a,0x00050041,0x00000026,0x0000123c,
	0x0000062e,0x0000016c,0x0004003d,0x00000025,0x0000123d,0x0000123c,0x0008000c,0x00000025,
	0x00001288,0x00000001,0x0000002b,0x0000123d,0x000000c4,0x00000118,0x00050085,0x00000025,
	0x0000128a,0x00001288,0x0000015d,0x00050081,0x00000025,0x0000128b,0x0000128a,0x00000151,
	0x0004006d,0x00000006,0x0000128c,0x0000128b,0x000500c4,0x00000006,0x0000123f,0x0000128c,
	0x000000e1,0x000500c5,0x00000006,0x00001240,0x0000123b,0x0000123f,0x00050041,0x00000026,
	0x00001241,0x0000062e,0x000000a5,0x0004003d,0x00000025,0x00001242,0x00001241,0x0008000c,
	0x00000025,0x00001290,0x00000001,0x0000002b,0x00001242,0x000000c4,0x00000118,0x00050085,
	0x00000025,0x00001292,0x00001290,0x0000015d,0x00050081,0x00000025,0x00001293,0x00001292,
	0x00000151,0x0004006d,0x00000006,0x00001294,0x00001293,0x000500c4,0x00000006,0x00001244,
	0x00001294,0x000000d6,0x000500c5,0x00000006,0x00001245,0x00001240,0x00001244,0x000200f9,
	0x00001270,0x000200f8,0x00001270,0x000200f9,0x00001273,0x000200f8,0x00001273,0x000500aa,
	0x000000cb,0x00001314,0x0000068f,0x00000088,0x000300f7,0x00001338,0x00000000,0x000400fa,
	0x00001314,0x00001315,0x0000131d,0x000200f8,0x0000131d,0x000500aa,0x000000cb,0x0000131f,
	0x0000068f,0x0000016c,0x000300f7,0x00001337,0x00000000,0x000400fa,0x0000131f,0x00001320,
	0x0000132d,0x000200f8,0x0000132d,0x000500aa,0x000000cb,0x0000132f,0x0000068f,0x000000a5,
	0x000300f7,0x00001336,0x00000000,0x000400fa,0x0000132f,0x00001330,0x00001336,0x000200f8,
	0x00001330,0x000500c4,0x00000006,0x00001332,0x00001245,0x000000e1,0x000500c2,0x00000006,
	0x00001334,0x00001245,0x000000e1,0x000500c5,0x00000006,0x00001335,0x00001332,0x00001334,
	0x000200f9,0x00001336,0x000200f8,0x00001336,0x000700f5,0x00000006,0x0000161c,0x00001245,
	0x0000132d,0x00001335,0x00001330,0x000200f9,0x00001337,0x000200f8,0x00001320,0x000500c7,
	0x00000006,0x00001322,0x00001245,0x000003ec,0x000500c4,0x00000006,0x00001323,0x00001322,
	0x00000168,0x000500c7,0x00000006,0x00001325,0x00001245,0x000003f0,0x000500c2,0x00000006,
	0x00001326,0x00001325,0x00000168,0x000500c5,0x00000006,0x00001327,0x00001323,0x00001326,
	0x000500c4,0x00000006,0x00001329,0x00001327,0x000000e1,0x000500c2,0x00000006,0x0000132b,
	0x00001327,0x000000e1,0x000500c5,0x00000006,0x0000132c,0x00001329,0x0000132b,0x000200f9,
	0x00001337,0x000200f8,0x00001337,0x000700f5,0x00000006,0x0000161b,0x0000132c,0x00001320,
	0x0000161c,0x00001336,0x000200f9,0x00001338,0x000200f8,0x00001315,0x000500c7,0x00000006,
	0x00001317,0x00001245,0x000003ec,0x000500c4,0x00000006,0x00001318,0x00001317,0x00000168,
	0x000500c7,0x00000006,0x0000131a,0x00001245,0x000003f0,0x000500c2,0x00000006,0x0000131b,
	0x0000131a,0x00000168,0x000500c5,0x00000006,0x0000131c,0x00001318,0x0000131b,0x000200f9,
	0x00001338,0x000200f8,0x00001338,0x000700f5,0x00000006,0x0000161a,0x0000131c,0x00001315,
	0x0000161b,0x00001337,0x00060041,0x000004f7,0x00000707,0x000004eb,0x00000331,0x00000701,
	0x0003003e,0x00000707,0x0000161a,0x000200f9,0x00000785,0x000200f8,0x00000785,0x000200f9,
	0x00000786,0x000200f8,0x00000786,0x000100fd,0x00010038
};
