	// 1116.6.0
	 #pragma once
const uint32_t fh1_native_resolve_memory_color_ms_cs[] = {
	0x07230203,0x00010000,0x0008000b,0x000016f6,0x00000000,0x00020011,0x00000001,0x0006000b,
	0x00000001,0x4c534c47,0x6474732e,0x3035342e,0x00000000,0x0003000e,0x00000000,0x00000001,
	0x0006000f,0x00000005,0x00000004,0x6e69616d,0x00000000,0x000005e2,0x00060010,0x00000004,
	0x00000011,0x00000008,0x00000008,0x00000001,0x00030003,0x00000005,0x000001f4,0x00040005,
	0x00000004,0x6e69616d,0x00000000,0x00070005,0x0000032e,0x5f316866,0x72756f73,0x635f6563,
	0x726f6c6f,0x00000000,0x000a0005,0x0000040a,0x4e316846,0x76697461,0x73655265,0x65766c6f,
	0x6f6d654d,0x6f437972,0x6174736e,0x0073746e,0x00070006,0x0000040a,0x00000000,0x5f316866,
	0x74636572,0x69726f5f,0x006e6967,0x00070006,0x0000040a,0x00000001,0x5f316866,0x74636572,
	0x7a69735f,0x00000065,0x00080006,0x0000040a,0x00000002,0x5f316866,0x6f736572,0x5f65766c,
	0x6f79616c,0x00007475,0x00080006,0x0000040a,0x00000003,0x5f316866,0x656e776f,0x616c5f72,
	0x74756f79,0x00000000,0x00080006,0x0000040a,0x00000004,0x5f316866,0x706d6173,0x735f656c,
	0x63656c65,0x00000074,0x00070006,0x0000040a,0x00000005,0x5f316866,0x74736564,0x666e695f,
	0x0000006f,0x00070006,0x0000040a,0x00000006,0x5f316866,0x74736564,0x7361625f,0x00000065,
	0x00070006,0x0000040a,0x00000007,0x5f316866,0x74736564,0x7469705f,0x00006863,0x00030005,
	0x0000040c,0x00000000,0x00050005,0x000004e1,0x5f316866,0x6f6d656d,0x00007972,0x00050006,
	0x000004e1,0x00000000,0x74616440,0x00000061,0x00050005,0x000004e3,0x5f316866,0x6f6d656d,
	0x00007972,0x00040005,0x000005e2,0x65726874,0x00006461,0x00040047,0x0000032e,0x00000021,
	0x00000010,0x00040047,0x0000032e,0x00000022,0x00000000,0x00030047,0x0000040a,0x00000002,
	0x00050048,0x0000040a,0x00000000,0x00000023,0x00000000,0x00050048,0x0000040a,0x00000001,
	0x00000023,0x00000004,0x00050048,0x0000040a,0x00000002,0x00000023,0x00000008,0x00050048,
	0x0000040a,0x00000003,0x00000023,0x0000000c,0x00050048,0x0000040a,0x00000004,0x00000023,
	0x00000010,0x00050048,0x0000040a,0x00000005,0x00000023,0x00000014,0x00050048,0x0000040a,
	0x00000006,0x00000023,0x00000018,0x00050048,0x0000040a,0x00000007,0x00000023,0x0000001c,
	0x00040047,0x000004e0,0x00000006,0x00000004,0x00030047,0x000004e1,0x00000003,0x00050048,
	0x000004e1,0x00000000,0x00000023,0x00000000,0x00040047,0x000004e3,0x00000021,0x00000020,
	0x00040047,0x000004e3,0x00000022,0x00000000,0x00040047,0x000005e2,0x0000000b,0x0000001c,
	0x00020013,0x00000002,0x00030021,0x00000003,0x00000002,0x00040015,0x00000006,0x00000020,
	0x00000000,0x00040017,0x00000007,0x00000006,0x00000002,0x00040020,0x00000008,0x00000007,
	0x00000007,0x00040020,0x00000009,0x00000007,0x00000006,0x00030016,0x00000025,0x00000020,
	0x00040020,0x00000026,0x00000007,0x00000025,0x00040017,0x0000003b,0x00000025,0x00000004,
	0x00040020,0x0000003c,0x00000007,0x0000003b,0x00040015,0x0000005b,0x00000020,0x00000001,
	0x00040017,0x0000007d,0x00000006,0x00000003,0x0004002b,0x00000025,0x00000085,0x42000000,
	0x0004002b,0x00000006,0x00000088,0x00000001,0x0004002b,0x00000006,0x0000008b,0x00000000,
	0x0005002c,0x00000007,0x0000008c,0x0000008b,0x0000008b,0x0004002b,0x00000006,0x00000097,
	0x000007ff,0x0004002b,0x00000006,0x0000009c,0x0000000b,0x0004002b,0x00000006,0x0000009e,
	0x000000ff,0x0004002b,0x00000006,0x000000a3,0x00000013,0x0004002b,0x00000006,0x000000a5,
	0x00000003,0x0004002b,0x00000006,0x000000aa,0x00000015,0x0004002b,0x00000006,0x000000b0,
	0x00000016,0x0004002b,0x00000006,0x000000b6,0x00000017,0x0004002b,0x00000006,0x000000b8,
	0x0000000f,0x0004002b,0x00000006,0x000000bd,0x0000001b,0x0004002b,0x00000025,0x000000c4,
	0x00000000,0x0004002b,0x00000025,0x000000c5,0x41ff0000,0x0004002b,0x00000006,0x000000ca,
	0x3e800000,0x00020014,0x000000cb,0x0004002b,0x00000006,0x000000cd,0x00800000,0x0004002b,
	0x00000006,0x000000cf,0x007fffff,0x0004002b,0x00000006,0x000000d2,0x0000007d,0x0004002b,
	0x00000006,0x000000d6,0x00000018,0x0004002b,0x00000006,0x000000da,0xc2000000,0x0004002b,
	0x00000006,0x000000de,0x00007fff,0x0004002b,0x00000006,0x000000e1,0x00000010,0x0004002b,
	0x00000006,0x000000e6,0x000003ff,0x0004002b,0x00000006,0x000000ee,0x0000007f,0x0004002b,
	0x00000006,0x000000f2,0x00000007,0x0004002b,0x00000006,0x000000fc,0x0000001f,0x0004002b,
	0x0000005b,0x00000101,0x00000001,0x0004002b,0x00000006,0x0000010d,0x0000007c,0x0004002b,
	0x00000025,0x00000118,0x3f800000,0x0004002b,0x00000025,0x0000011b,0x3e002008,0x0004002b,
	0x00000025,0x00000120,0x3f002008,0x0004002b,0x00000025,0x00000125,0x42ffc000,0x0004002b,
	0x00000025,0x00000127,0x3f008081,0x0004002b,0x00000025,0x00000129,0x437fc000,0x0004002b,
	0x00000025,0x0000012a,0x3e808081,0x0004002b,0x00000025,0x0000012d,0x3d802008,0x0004002b,
	0x00000025,0x00000131,0x43ffc000,0x0004002b,0x00000025,0x00000132,0x3e008081,0x0004002b,
	0x00000025,0x00000134,0x447fc000,0x0004002b,0x00000025,0x00000139,0x3b808081,0x0004002b,
	0x0000005b,0x00000142,0x00000010,0x0004002b,0x00000025,0x00000145,0x38000100,0x0004002b,
	0x00000025,0x00000147,0xbf800000,0x0004002b,0x00000025,0x00000151,0x3f000000,0x0004002b,
	0x00000025,0x0000015d,0x437f0000,0x0004002b,0x00000006,0x00000168,0x00000008,0x0004002b,
	0x00000006,0x0000016c,0x00000002,0x0004002b,0x00000006,0x00000185,0x0000000a,0x0004002b,
	0x00000006,0x0000018d,0x00000014,0x0004002b,0x00000025,0x00000190,0x40400000,0x0004002b,
	0x00000006,0x00000196,0x0000001e,0x00040017,0x000001de,0x00000025,0x00000003,0x0004002b,
	0x00000025,0x000001e0,0x3a802008,0x0004002b,0x00000025,0x000001e5,0x3eaaaaab,0x00040017,
	0x0000020b,0x00000025,0x00000002,0x0007002c,0x0000003b,0x00000214,0x000000c4,0x000000c4,
	0x000000c4,0x000000c4,0x0004002b,0x00000006,0x000002a2,0x00000050,0x0004002b,0x00000006,
	0x000002a9,0x00000004,0x0004002b,0x00000006,0x000002e0,0x00000028,0x00040017,0x00000304,
	0x0000005b,0x00000002,0x00090019,0x0000032c,0x00000025,0x00000001,0x00000000,0x00000000,
	0x00000001,0x00000001,0x00000000,0x00040020,0x0000032d,0x00000000,0x0000032c,0x0004003b,
	0x0000032d,0x0000032e,0x00000000,0x0004002b,0x00000006,0x0000035c,0xffffffe0,0x0004002b,
	0x0000005b,0x00000360,0x00000005,0x0004002b,0x0000005b,0x0000036e,0x00000007,0x0004002b,
	0x0000005b,0x00000371,0x0000000e,0x0004002b,0x0000005b,0x00000373,0x00000002,0x0004002b,
	0x0000005b,0x0000037b,0xfffffff0,0x0004002b,0x0000005b,0x00000380,0x0000000f,0x0004002b,
	0x0000005b,0x00000385,0x00000004,0x0004002b,0x0000005b,0x00000389,0xfffffe00,0x0004002b,
	0x0000005b,0x0000038b,0x00000003,0x0004002b,0x0000005b,0x00000392,0x000001c0,0x0004002b,
	0x0000005b,0x00000397,0x00000008,0x0004002b,0x0000005b,0x0000039e,0x00000006,0x0004002b,
	0x0000005b,0x000003a2,0x0000003f,0x0004002b,0x00000006,0x000003c8,0xfffffff0,0x0004002b,
	0x00000006,0x000003e3,0x00ff00ff,0x0004002b,0x00000006,0x000003e7,0xff00ff00,0x000a001e,
	0x0000040a,0x00000006,0x00000006,0x00000006,0x00000006,0x00000006,0x00000006,0x00000006,
	0x00000006,0x00040020,0x0000040b,0x00000009,0x0000040a,0x0004003b,0x0000040b,0x0000040c,
	0x00000009,0x00040020,0x0000040d,0x00000009,0x00000006,0x0004002b,0x00000006,0x00000416,
	0x00000012,0x0004002b,0x00000006,0x00000454,0x0000ffff,0x00040017,0x0000045d,0x000000cb,
	0x00000002,0x0004002b,0x0000005b,0x00000464,0x00000000,0x0003001d,0x000004e0,0x00000006,
	0x0003001e,0x000004e1,0x000004e0,0x00040020,0x000004e2,0x00000002,0x000004e1,0x0004003b,
	0x000004e2,0x000004e3,0x00000002,0x00040020,0x000004ef,0x00000002,0x00000006,0x0004002b,
	0x0000005b,0x00000518,0x00000018,0x0004002b,0x0000005b,0x0000051a,0x0000007f,0x0004002b,
	0x00000006,0x00000524,0x00000006,0x0004002b,0x00000006,0x00000562,0x00000005,0x0004002b,
	0x00000025,0x00000567,0x477fff00,0x00040020,0x000005e1,0x00000001,0x0000007d,0x0004003b,
	0x000005e1,0x000005e2,0x00000001,0x00050036,0x00000002,0x00000004,0x00000000,0x00000003,
	0x000200f8,0x00000005,0x0004003b,0x0000003c,0x00000e3f,0x00000007,0x0004003b,0x0000003c,
	0x00000e45,0x00000007,0x0004003b,0x00000008,0x00000dfa,0x00000007,0x0004003b,0x0000003c,
	0x00000b88,0x00000007,0x0004003b,0x0000003c,0x00000b8e,0x00000007,0x0004003b,0x00000008,
	0x00000b43,0x00000007,0x0004003b,0x00000008,0x00000b26,0x00000007,0x0004003b,0x0000003c,
	0x00000884,0x00000007,0x0004003b,0x0000003c,0x0000088a,0x00000007,0x0004003b,0x00000008,
	0x0000083f,0x00000007,0x0004003b,0x00000008,0x00000603,0x00000007,0x0004003b,0x00000008,
	0x0000060c,0x00000007,0x0004003b,0x00000008,0x0000060d,0x00000007,0x0004003b,0x0000003c,
	0x0000061d,0x00000007,0x0004003b,0x0000003c,0x00000626,0x00000007,0x0004003b,0x0000003c,
	0x0000062b,0x00000007,0x0004003b,0x00000008,0x00000632,0x00000007,0x0004003b,0x00000008,
	0x00000644,0x00000007,0x0004003d,0x0000007d,0x000005e3,0x000005e2,0x000300f7,0x0000077e,
	0x00000000,0x000300fb,0x0000008b,0x0000064f,0x000200f8,0x0000064f,0x00050041,0x0000040d,
	0x00000650,0x0000040c,0x00000101,0x0004003d,0x00000006,0x00000651,0x00000650,0x000500c7,
	0x00000006,0x00000652,0x00000651,0x00000454,0x00050041,0x0000040d,0x00000653,0x0000040c,
	0x00000101,0x0004003d,0x00000006,0x00000654,0x00000653,0x000500c2,0x00000006,0x00000655,
	0x00000654,0x000000e1,0x00050050,0x00000007,0x00000656,0x00000652,0x00000655,0x0007004f,
	0x00000007,0x00000658,0x000005e3,0x000005e3,0x00000000,0x00000001,0x000500ae,0x0000045d,
	0x0000065a,0x00000658,0x00000656,0x0004009a,0x000000cb,0x0000065b,0x0000065a,0x000300f7,
	0x0000065d,0x00000000,0x000400fa,0x0000065b,0x0000065c,0x0000065d,0x000200f8,0x0000065c,
	0x000200f9,0x0000077e,0x000200f8,0x0000065d,0x00050041,0x0000040d,0x0000065e,0x0000040c,
	0x00000464,0x0004003d,0x00000006,0x0000065f,0x0000065e,0x000500c7,0x00000006,0x00000660,
	0x0000065f,0x00000454,0x00050041,0x0000040d,0x00000661,0x0000040c,0x00000464,0x0004003d,
	0x00000006,0x00000662,0x00000661,0x000500c2,0x00000006,0x00000663,0x00000662,0x000000e1,
	0x00050050,0x00000007,0x00000664,0x00000660,0x00000663,0x0007004f,0x00000007,0x00000666,
	0x000005e3,0x000005e3,0x00000000,0x00000001,0x00050080,0x00000007,0x00000667,0x00000664,
	0x00000666,0x0003003e,0x00000603,0x00000667,0x00050041,0x0000040d,0x00000668,0x0000040c,
	0x00000360,0x0004003d,0x00000006,0x00000669,0x00000668,0x000500c2,0x00000006,0x0000066a,
	0x00000669,0x000000a3,0x000500c7,0x00000006,0x0000066b,0x0000066a,0x00000088,0x000500ab,
	0x000000cb,0x0000066c,0x0000066b,0x0000008b,0x000600a9,0x00000025,0x0000066d,0x0000066c,
	0x00000085,0x00000118,0x00050041,0x0000040d,0x0000066e,0x0000040c,0x00000360,0x0004003d,
	0x00000006,0x0000066f,0x0000066e,0x000500c2,0x00000006,0x00000670,0x0000066f,0x0000018d,
	0x000500c7,0x00000006,0x00000671,0x00000670,0x000000a5,0x00050080,0x00000006,0x00000672,
	0x00000671,0x00000088,0x00050041,0x0000040d,0x00000673,0x0000040c,0x00000360,0x0004003d,
	0x00000006,0x00000674,0x00000673,0x000500c2,0x00000006,0x00000675,0x00000674,0x000000b0,
	0x000500c7,0x00000006,0x00000676,0x00000675,0x00000088,0x000500ab,0x000000cb,0x00000677,
	0x00000676,0x0000008b,0x000300f7,0x00000680,0x00000000,0x000400fa,0x00000677,0x00000679,
	0x0000067b,0x000200f8,0x0000067b,0x0004003d,0x00000007,0x0000067c,0x00000603,0x00050050,
	0x00000007,0x00000783,0x00000672,0x00000672,0x00050089,0x00000007,0x00000784,0x0000067c,
	0x00000783,0x00050050,0x00000007,0x00000787,0x00000672,0x00000672,0x00050086,0x00000007,
	0x00000788,0x0000067c,0x00000787,0x0003003e,0x00000603,0x00000788,0x000200f9,0x00000680,
	0x000200f8,0x00000679,0x000200f9,0x00000680,0x000200f8,0x00000680,0x000700f5,0x00000007,
	0x000015d1,0x0000008c,0x00000679,0x00000784,0x0000067b,0x00050041,0x0000040d,0x00000681,
	0x0000040c,0x00000360,0x0004003d,0x00000006,0x00000682,0x00000681,0x000500c7,0x00000006,
	0x00000683,0x00000682,0x000000f2,0x00050041,0x0000040d,0x00000684,0x0000040c,0x00000360,
	0x0004003d,0x00000006,0x00000685,0x00000684,0x000500c2,0x00000006,0x00000686,0x00000685,
	0x000000a5,0x000500c7,0x00000006,0x00000687,0x00000686,0x000000f2,0x00050041,0x0000040d,
	0x00000688,0x0000040c,0x00000360,0x0004003d,0x00000006,0x00000689,0x00000688,0x000500c2,
	0x00000006,0x0000068a,0x00000689,0x000000e1,0x000500c7,0x00000006,0x0000068b,0x0000068a,
	0x000000a5,0x000500ac,0x000000cb,0x0000068d,0x00000672,0x00000088,0x000400a8,0x000000cb,
	0x0000068f,0x00000677,0x000500a7,0x000000cb,0x00000690,0x0000068d,0x0000068f,0x000300f7,
	0x000006af,0x00000002,0x000400fa,0x00000690,0x00000691,0x000006a0,0x000200f8,0x000006a0,
	0x00050041,0x0000040d,0x000006a1,0x0000040c,0x0000039e,0x0004003d,0x00000006,0x000006a2,
	0x000006a1,0x00050041,0x00000009,0x000006a3,0x00000603,0x0000008b,0x0004003d,0x00000006,
	0x000006a4,0x000006a3,0x0004007c,0x0000005b,0x000006a5,0x000006a4,0x00050041,0x00000009,
	0x000006a6,0x00000603,0x00000088,0x0004003d,0x00000006,0x000006a7,0x000006a6,0x0004007c,
	0x0000005b,0x000006a8,0x000006a7,0x00050041,0x0000040d,0x000006a9,0x0000040c,0x0000036e,
	0x0004003d,0x00000006,0x000006aa,0x000006a9,0x00050080,0x00000006,0x00000804,0x000006aa,
	0x000000fc,0x000500c7,0x00000006,0x00000805,0x00000804,0x0000035c,0x000500c3,0x0000005b,
	0x00000807,0x000006a5,0x00000360,0x000500c3,0x0000005b,0x00000809,0x000006a8,0x00000360,
	0x000500c2,0x00000006,0x0000080b,0x00000805,0x00000360,0x0004007c,0x0000005b,0x0000080c,
	0x0000080b,0x00050084,0x0000005b,0x0000080d,0x00000809,0x0000080c,0x00050080,0x0000005b,
	0x0000080e,0x00000807,0x0000080d,0x00050080,0x00000006,0x00000810,0x0000068b,0x000000f2,
	0x000500c4,0x0000005b,0x00000811,0x0000080e,0x00000810,0x000500c7,0x0000005b,0x00000813,
	0x000006a5,0x0000036e,0x000500c7,0x0000005b,0x00000815,0x000006a8,0x00000371,0x000500c4,
	0x0000005b,0x00000816,0x00000815,0x00000373,0x00050080,0x0000005b,0x00000817,0x00000813,
	0x00000816,0x000500c4,0x0000005b,0x00000819,0x00000817,0x0000068b,0x000500c7,0x0000005b,
	0x0000081c,0x00000819,0x0000037b,0x000500c4,0x0000005b,0x0000081d,0x0000081c,0x00000101,
	0x00050080,0x0000005b,0x0000081e,0x00000811,0x0000081d,0x000500c7,0x0000005b,0x00000820,
	0x00000819,0x00000380,0x00050080,0x0000005b,0x00000821,0x0000081e,0x00000820,0x000500c7,
	0x0000005b,0x00000823,0x000006a8,0x00000101,0x000500c4,0x0000005b,0x00000824,0x00000823,
	0x00000385,0x00050080,0x0000005b,0x00000825,0x00000821,0x00000824,0x000500c7,0x0000005b,
	0x00000827,0x00000825,0x00000389,0x000500c4,0x0000005b,0x00000828,0x00000827,0x0000038b,
	0x000500c7,0x0000005b,0x0000082a,0x000006a8,0x00000142,0x000500c4,0x0000005b,0x0000082b,
	0x0000082a,0x0000036e,0x00050080,0x0000005b,0x0000082c,0x00000828,0x0000082b,0x000500c7,
	0x0000005b,0x0000082e,0x00000825,0x00000392,0x000500c4,0x0000005b,0x0000082f,0x0000082e,
	0x00000373,0x00050080,0x0000005b,0x00000830,0x0000082c,0x0000082f,0x000500c7,0x0000005b,
	0x00000832,0x000006a8,0x00000397,0x000500c3,0x0000005b,0x00000833,0x00000832,0x00000373,
	0x000500c3,0x0000005b,0x00000835,0x000006a5,0x0000038b,0x00050080,0x0000005b,0x00000836,
	0x00000833,0x00000835,0x000500c7,0x0000005b,0x00000837,0x00000836,0x0000038b,0x000500c4,
	0x0000005b,0x00000838,0x00000837,0x0000039e,0x00050080,0x0000005b,0x00000839,0x00000830,
	0x00000838,0x000500c7,0x0000005b,0x0000083b,0x00000825,0x000003a2,0x00050080,0x0000005b,
	0x0000083c,0x00000839,0x0000083b,0x0004007c,0x00000006,0x000006ad,0x0000083c,0x00050080,
	0x00000006,0x000006ae,0x000006a2,0x000006ad,0x000200f9,0x000006af,0x000200f8,0x00000691,
	0x00050041,0x0000040d,0x00000692,0x0000040c,0x0000039e,0x0004003d,0x00000006,0x00000693,
	0x00000692,0x00050084,0x00000006,0x00000695,0x00000693,0x00000672,0x00050084,0x00000006,
	0x00000697,0x00000695,0x00000672,0x0004003d,0x00000007,0x00000698,0x00000603,0x0003003e,
	0x0000060c,0x00000698,0x0003003e,0x0000060d,0x000015d1,0x00050041,0x0000040d,0x0000069a,
	0x0000040c,0x0000036e,0x0004003d,0x00000006,0x0000069b,0x0000069a,0x00050041,0x00000009,
	0x00000793,0x0000060c,0x0000008b,0x0004003d,0x00000006,0x00000794,0x00000793,0x0004007c,
	0x0000005b,0x00000795,0x00000794,0x00050041,0x00000009,0x00000796,0x0000060c,0x00000088,
	0x0004003d,0x00000006,0x00000797,0x00000796,0x0004007c,0x0000005b,0x00000798,0x00000797,
	0x00050080,0x00000006,0x000007c5,0x0000069b,0x000000fc,0x000500c7,0x00000006,0x000007c6,
	0x000007c5,0x0000035c,0x000500c3,0x0000005b,0x000007c8,0x00000795,0x00000360,0x000500c3,
	0x0000005b,0x000007ca,0x00000798,0x00000360,0x000500c2,0x00000006,0x000007cc,0x000007c6,
	0x00000360,0x0004007c,0x0000005b,0x000007cd,0x000007cc,0x00050084,0x0000005b,0x000007ce,
	0x000007ca,0x000007cd,0x00050080,0x0000005b,0x000007cf,0x000007c8,0x000007ce,0x00050080,
	0x00000006,0x000007d1,0x0000068b,0x000000f2,0x000500c4,0x0000005b,0x000007d2,0x000007cf,
	0x000007d1,0x000500c7,0x0000005b,0x000007d4,0x00000795,0x0000036e,0x000500c7,0x0000005b,
	0x000007d6,0x00000798,0x00000371,0x000500c4,0x0000005b,0x000007d7,0x000007d6,0x00000373,
	0x00050080,0x0000005b,0x000007d8,0x000007d4,0x000007d7,0x000500c4,0x0000005b,0x000007da,
	0x000007d8,0x0000068b,0x000500c7,0x0000005b,0x000007dd,0x000007da,0x0000037b,0x000500c4,
	0x0000005b,0x000007de,0x000007dd,0x00000101,0x00050080,0x0000005b,0x000007df,0x000007d2,
	0x000007de,0x000500c7,0x0000005b,0x000007e1,0x000007da,0x00000380,0x00050080,0x0000005b,
	0x000007e2,0x000007df,0x000007e1,0x000500c7,0x0000005b,0x000007e4,0x00000798,0x00000101,
	0x000500c4,0x0000005b,0x000007e5,0x000007e4,0x00000385,0x00050080,0x0000005b,0x000007e6,
	0x000007e2,0x000007e5,0x000500c7,0x0000005b,0x000007e8,0x000007e6,0x00000389,0x000500c4,
	0x0000005b,0x000007e9,0x000007e8,0x0000038b,0x000500c7,0x0000005b,0x000007eb,0x00000798,
	0x00000142,0x000500c4,0x0000005b,0x000007ec,0x000007eb,0x0000036e,0x00050080,0x0000005b,
	0x000007ed,0x000007e9,0x000007ec,0x000500c7,0x0000005b,0x000007ef,0x000007e6,0x00000392,
	0x000500c4,0x0000005b,0x000007f0,0x000007ef,0x00000373,0x00050080,0x0000005b,0x000007f1,
	0x000007ed,0x000007f0,0x000500c7,0x0000005b,0x000007f3,0x00000798,0x00000397,0x000500c3,
	0x0000005b,0x000007f4,0x000007f3,0x00000373,0x000500c3,0x0000005b,0x000007f6,0x00000795,
	0x0000038b,0x00050080,0x0000005b,0x000007f7,0x000007f4,0x000007f6,0x000500c7,0x0000005b,
	0x000007f8,0x000007f7,0x0000038b,0x000500c4,0x0000005b,0x000007f9,0x000007f8,0x0000039e,
	0x00050080,0x0000005b,0x000007fa,0x000007f1,0x000007f9,0x000500c7,0x0000005b,0x000007fc,
	0x000007e6,0x000003a2,0x00050080,0x0000005b,0x000007fd,0x000007fa,0x000007fc,0x0004007c,
	0x00000006,0x0000079c,0x000007fd,0x000500c2,0x00000006,0x0000079e,0x000000e1,0x0000068b,
	0x000500c7,0x00000006,0x000007a0,0x0000079c,0x000000b8,0x000500c2,0x00000006,0x000007a2,
	0x000007a0,0x0000068b,0x00050084,0x00000006,0x000007a4,0x000007a2,0x00000672,0x00050041,
	0x00000009,0x000007a5,0x0000060d,0x0000008b,0x0004003d,0x00000006,0x000007a6,0x000007a5,
	0x00050080,0x00000006,0x000007a7,0x000007a4,0x000007a6,0x00050086,0x00000006,0x000007aa,
	0x000007a7,0x0000079e,0x000500c7,0x00000006,0x000007ac,0x0000079c,0x000003c8,0x00050084,
	0x00000006,0x000007ae,0x000007ac,0x00000672,0x00050084,0x00000006,0x000007b0,0x000007ae,
	0x00000672,0x00050084,0x00000006,0x000007b3,0x000007aa,0x00000672,0x00050041,0x00000009,
	0x000007b4,0x0000060d,0x00000088,0x0004003d,0x00000006,0x000007b5,0x000007b4,0x00050080,
	0x00000006,0x000007b6,0x000007b3,0x000007b5,0x000500c4,0x00000006,0x000007b7,0x000007b6,
	0x000002a9,0x00050080,0x00000006,0x000007b8,0x000007b0,0x000007b7,0x00050089,0x00000006,
	0x000007bb,0x000007a7,0x0000079e,0x000500c4,0x00000006,0x000007bd,0x000007bb,0x0000068b,
	0x00050080,0x00000006,0x000007be,0x000007b8,0x000007bd,0x00050080,0x00000006,0x0000069f,
	0x00000697,0x000007be,0x000200f9,0x000006af,0x000200f8,0x000006af,0x000700f5,0x00000006,
	0x000015d8,0x0000069f,0x00000691,0x000006ae,0x000006a0,0x00050041,0x0000040d,0x000006b0,
	0x0000040c,0x00000385,0x0004003d,0x00000006,0x000006b1,0x000006b0,0x000300f7,0x000006b8,
	0x00000000,0x000900fb,0x000006b1,0x000006b2,0x00000004,0x000006b5,0x00000005,0x000006b6,
	0x00000006,0x000006b7,0x000200f8,0x000006b7,0x000200f9,0x000006b8,0x000200f8,0x000006b6,
	0x000200f9,0x000006b8,0x000200f8,0x000006b5,0x000200f9,0x000006b8,0x000200f8,0x000006b2,
	0x00050041,0x0000040d,0x000006b3,0x0000040c,0x00000385,0x0004003d,0x00000006,0x000006b4,
	0x000006b3,0x000200f9,0x000006b8,0x000200f8,0x000006b8,0x000b00f5,0x00000006,0x00001601,
	0x000006b4,0x000006b2,0x0000008b,0x000006b5,0x0000016c,0x000006b6,0x0000008b,0x000006b7,
	0x000b00f5,0x00000006,0x000015d4,0x00000088,0x000006b2,0x0000016c,0x000006b5,0x0000016c,
	0x000006b6,0x000002a9,0x000006b7,0x000500aa,0x000000cb,0x000006ba,0x00000683,0x000002a9,
	0x000300f7,0x000006c5,0x00000000,0x000400fa,0x000006ba,0x000006bb,0x000006c5,0x000200f8,
	0x000006bb,0x000500c2,0x0000005b,0x000006bd,0x000015d8,0x00000373,0x0004003d,0x00000007,
	0x000006bf,0x00000603,0x00050041,0x0000040d,0x00000846,0x0000040c,0x00000360,0x0004003d,
	0x00000006,0x00000847,0x00000846,0x000500c2,0x00000006,0x00000848,0x00000847,0x000000f2,
	0x000500c7,0x00000006,0x00000849,0x00000848,0x00000088,0x000500ab,0x000000cb,0x0000084a,
	0x00000849,0x0000008b,0x000600a9,0x00000006,0x0000084b,0x0000084a,0x00000088,0x0000008b,
	0x00050041,0x0000040d,0x0000084c,0x0000040c,0x00000360,0x0004003d,0x00000006,0x0000084d,
	0x0000084c,0x000500c2,0x00000006,0x0000084e,0x0000084d,0x00000416,0x000500c7,0x00000006,
	0x0000084f,0x0000084e,0x00000088,0x000500ab,0x000000cb,0x00000850,0x0000084f,0x0000008b,
	0x000600a9,0x00000006,0x00000851,0x00000850,0x0000016c,0x0000008b,0x000500c5,0x00000006,
	0x00000852,0x0000084b,0x00000851,0x00050041,0x0000040d,0x00000853,0x0000040c,0x00000373,
	0x0004003d,0x00000006,0x00000854,0x00000853,0x0003003e,0x0000083f,0x000006bf,0x00050041,
	0x0000040d,0x00000858,0x0000040c,0x0000038b,0x0004003d,0x00000006,0x00000859,0x00000858,
	0x000500c2,0x00000006,0x00000942,0x00000854,0x000000a3,0x000500c7,0x00000006,0x00000943,
	0x00000942,0x000000a5,0x000500ae,0x000000cb,0x00000891,0x00000943,0x0000016c,0x000600a9,
	0x00000006,0x00000892,0x00000891,0x00000088,0x0000008b,0x000500ae,0x000000cb,0x00000894,
	0x00000943,0x00000088,0x000600a9,0x00000006,0x00000895,0x00000894,0x00000088,0x0000008b,
	0x00050041,0x00000009,0x00000896,0x0000083f,0x0000008b,0x0004003d,0x00000006,0x00000897,
	0x00000896,0x000500c4,0x00000006,0x00000899,0x00000897,0x00000892,0x000500ae,0x000000cb,
	0x0000089b,0x00000943,0x0000016c,0x000500c7,0x00000006,0x0000089d,0x00001601,0x00000088,
	0x000600a9,0x00000006,0x0000089e,0x0000089b,0x0000089d,0x0000008b,0x00050080,0x00000006,
	0x0000089f,0x00000899,0x0000089e,0x00050041,0x00000009,0x000008a0,0x0000083f,0x00000088,
	0x0004003d,0x00000006,0x000008a1,0x000008a0,0x000500c4,0x00000006,0x000008a3,0x000008a1,
	0x00000895,0x000500ae,0x000000cb,0x000008a5,0x00000943,0x0000016c,0x000500c2,0x00000006,
	0x000008a7,0x00001601,0x00000088,0x000500aa,0x000000cb,0x000008a9,0x00000943,0x00000088,
	0x000600a9,0x00000006,0x000008ab,0x000008a9,0x00001601,0x0000008b,0x000600a9,0x00000006,
	0x000008ac,0x000008a5,0x000008a7,0x000008ab,0x00050080,0x00000006,0x000008ad,0x000008a3,
	0x000008ac,0x000500c2,0x00000006,0x00000947,0x00000854,0x000000aa,0x000500c7,0x00000006,
	0x00000948,0x00000947,0x00000088,0x000500ab,0x000000cb,0x000008b0,0x00000948,0x0000008b,
	0x00050084,0x00000006,0x000008b2,0x0000089f,0x0000016c,0x000600a9,0x00000006,0x000008b6,
	0x000008b0,0x000008b2,0x0000089f,0x00050086,0x00000006,0x000008b8,0x000008b6,0x000002a2,
	0x00050089,0x00000006,0x000008ba,0x000008b6,0x000002a2,0x000500c2,0x00000006,0x000008bc,
	0x000008ad,0x000002a9,0x000500c7,0x00000006,0x000008be,0x000008ad,0x000000b8,0x000500c7,
	0x00000006,0x0000094c,0x00000854,0x00000097,0x000500c2,0x00000006,0x00000950,0x00000854,
	0x0000009c,0x000500c7,0x00000006,0x00000951,0x00000950,0x0000009e,0x000500c2,0x00000006,
	0x00000955,0x00000854,0x000000aa,0x000500c7,0x00000006,0x00000956,0x00000955,0x00000088,
	0x000500c4,0x00000006,0x000008c6,0x00000951,0x00000956,0x00050084,0x00000006,0x000008c7,
	0x000008bc,0x000008c6,0x00050080,0x00000006,0x000008c8,0x0000094c,0x000008c7,0x00050080,
	0x00000006,0x000008ca,0x000008c8,0x000008b8,0x000500c7,0x00000006,0x000008cb,0x000008ca,
	0x00000097,0x000500c7,0x00000006,0x0000095a,0x00000859,0x00000097,0x00050082,0x00000006,
	0x000008cf,0x000008cb,0x0000095a,0x000500c7,0x00000006,0x000008d0,0x000008cf,0x00000097,
	0x000500c2,0x00000006,0x0000095e,0x00000859,0x0000009c,0x000500c7,0x00000006,0x0000095f,
	0x0000095e,0x0000009e,0x000500c2,0x00000006,0x00000963,0x00000859,0x000000aa,0x000500c7,
	0x00000006,0x00000964,0x00000963,0x00000088,0x000500c4,0x00000006,0x000008d5,0x0000095f,
	0x00000964,0x00050089,0x00000006,0x000008d8,0x000008d0,0x000008d5,0x00050086,0x00000006,
	0x000008db,0x000008d0,0x000008d5,0x000500c2,0x00000006,0x00000968,0x00000859,0x000000b0,
	0x000500c7,0x00000006,0x00000969,0x00000968,0x00000088,0x000500c2,0x00000006,0x0000096d,
	0x00000854,0x000000b0,0x000500c7,0x00000006,0x0000096e,0x0000096d,0x00000088,0x000500ab,
	0x000000cb,0x000008e0,0x00000969,0x0000096e,0x000300f7,0x000008e5,0x00000000,0x000400fa,
	0x000008e0,0x000008e1,0x000008e5,0x000200f8,0x000008e1,0x00050080,0x00000006,0x000008e3,
	0x000008ba,0x000002e0,0x00050089,0x00000006,0x000008e4,0x000008e3,0x000002a2,0x000200f9,
	0x000008e5,0x000200f8,0x000008e5,0x000700f5,0x00000006,0x000016d5,0x000008ba,0x000006bb,
	0x000008e4,0x000008e1,0x000500c2,0x00000006,0x00000972,0x00000859,0x000000a3,0x000500c7,
	0x00000006,0x00000973,0x00000972,0x000000a5,0x00050084,0x00000006,0x000008e9,0x000008d8,
	0x000002a2,0x00050080,0x00000006,0x000008eb,0x000008e9,0x000016d5,0x000500c2,0x00000006,
	0x00000977,0x00000859,0x000000aa,0x000500c7,0x00000006,0x00000978,0x00000977,0x00000088,
	0x000500ab,0x000000cb,0x000008ee,0x00000978,0x0000008b,0x000300f7,0x000008f4,0x00000000,
	0x000400fa,0x000008ee,0x000008ef,0x000008f4,0x000200f8,0x000008ef,0x000500c2,0x00000006,
	0x000008f3,0x000008eb,0x00000088,0x000200f9,0x000008f4,0x000200f8,0x000008f4,0x000700f5,
	0x00000006,0x000016d6,0x000008eb,0x000008e5,0x000008f3,0x000008ef,0x00050084,0x00000006,
	0x000008f6,0x000008db,0x000000e1,0x00050080,0x00000006,0x000008f8,0x000008f6,0x000008be,
	0x000500ae,0x000000cb,0x000008fa,0x00000973,0x0000016c,0x000600a9,0x00000006,0x000008fb,
	0x000008fa,0x00000088,0x0000008b,0x000500ae,0x000000cb,0x000008fd,0x00000973,0x00000088,
	0x000600a9,0x00000006,0x000008fe,0x000008fd,0x00000088,0x0000008b,0x000500c2,0x00000006,
	0x00000901,0x000016d6,0x000008fb,0x0004007c,0x0000005b,0x00000902,0x00000901,0x000500c2,
	0x00000006,0x00000905,0x000008f8,0x000008fe,0x0004007c,0x0000005b,0x00000906,0x00000905,
	0x00050050,0x00000304,0x00000907,0x00000902,0x00000906,0x0004007c,0x0000005b,0x00000909,
	0x00000672,0x00050050,0x00000304,0x0000090a,0x00000909,0x00000909,0x00050084,0x00000304,
	0x0000090b,0x00000907,0x0000090a,0x0004007c,0x00000304,0x0000090d,0x000015d1,0x00050080,
	0x00000304,0x0000090e,0x0000090b,0x0000090d,0x000500c7,0x00000006,0x00000911,0x000016d6,
	0x000008fb,0x000500c7,0x00000006,0x00000914,0x000008f8,0x000008fe,0x000500c4,0x00000006,
	0x00000916,0x00000914,0x000008fb,0x000500c5,0x00000006,0x00000917,0x00000911,0x00000916,
	0x000500c2,0x00000006,0x0000097c,0x00000859,0x000000bd,0x000500c7,0x00000006,0x0000097d,
	0x0000097c,0x000000a5,0x000500aa,0x000000cb,0x00000983,0x0000097d,0x000000a5,0x000300f7,
	0x0000099a,0x00000000,0x000400fa,0x00000983,0x00000984,0x00000985,0x000200f8,0x00000985,
	0x000500aa,0x000000cb,0x00000987,0x00000973,0x00000088,0x000500aa,0x000000cb,0x00000989,
	0x0000097d,0x00000088,0x000500a7,0x000000cb,0x0000098a,0x00000987,0x00000989,0x000300f7,
	0x00000999,0x00000000,0x000400fa,0x0000098a,0x0000098b,0x0000098e,0x000200f8,0x0000098e,
	0x000500aa,0x000000cb,0x00000990,0x00000973,0x00000088,0x000500aa,0x000000cb,0x00000992,
	0x0000097d,0x0000016c,0x000500a7,0x000000cb,0x00000993,0x00000990,0x00000992,0x000300f7,
	0x00000998,0x00000000,0x000400fa,0x00000993,0x00000994,0x00000998,0x000200f8,0x00000994,
	0x000500ab,0x000000cb,0x00000996,0x00000917,0x0000008b,0x000600a9,0x00000006,0x00000997,
	0x00000996,0x000000a5,0x0000008b,0x000200f9,0x00000998,0x000200f8,0x00000998,0x000700f5,
	0x00000006,0x000016dd,0x00000917,0x0000098e,0x00000997,0x00000994,0x000200f9,0x00000999,
	0x000200f8,0x0000098b,0x000500c6,0x00000006,0x0000098d,0x00000917,0x00000088,0x000200f9,
	0x00000999,0x000200f8,0x00000999,0x000700f5,0x00000006,0x000016dc,0x0000098d,0x0000098b,
	0x000016dd,0x00000998,0x000200f9,0x0000099a,0x000200f8,0x00000984,0x000200f9,0x0000099a,
	0x000200f8,0x0000099a,0x000700f5,0x00000006,0x000016db,0x0000008b,0x00000984,0x000016dc,
	0x00000999,0x0004003d,0x0000032c,0x0000091d,0x0000032e,0x0004007c,0x0000005b,0x00000920,
	0x000016db,0x0007005f,0x0000003b,0x00000921,0x0000091d,0x0000090e,0x00000040,0x00000920,
	0x0003003e,0x00000884,0x00000921,0x000500c2,0x00000006,0x0000099f,0x00000859,0x000000b6,
	0x000500c7,0x00000006,0x000009a0,0x0000099f,0x000000b8,0x000500aa,0x000000cb,0x00000925,
	0x000009a0,0x00000088,0x000500c7,0x00000006,0x00000927,0x00000852,0x0000016c,0x000500ab,
	0x000000cb,0x00000928,0x00000927,0x0000008b,0x000500a7,0x000000cb,0x00000929,0x00000925,
	0x00000928,0x000300f7,0x0000093b,0x00000000,0x000400fa,0x00000929,0x0000092a,0x0000093b,
	0x000200f8,0x0000092a,0x00050041,0x00000026,0x0000092b,0x00000884,0x0000008b,0x0004003d,
	0x00000025,0x0000092c,0x0000092b,0x0008000c,0x00000025,0x000009a6,0x00000001,0x0000002b,
	0x0000092c,0x000000c4,0x00000118,0x000500be,0x000000cb,0x000009a8,0x000009a6,0x0000011b,
	0x000300f7,0x000009b5,0x00000000,0x000400fa,0x000009a8,0x000009a9,0x000009af,0x000200f8,
	0x000009af,0x000500be,0x000000cb,0x000009b1,0x000009a6,0x0000012d,0x000300f7,0x000009b4,
	0x00000000,0x000400fa,0x000009b1,0x000009b2,0x000009b3,0x000200f8,0x000009b3,0x000200f9,
	0x000009b4,0x000200f8,0x000009b2,0x000200f9,0x000009b4,0x000200f8,0x000009b4,0x000700f5,
	0x00000025,0x000016e3,0x00000132,0x000009b2,0x000000c4,0x000009b3,0x000700f5,0x00000025,
	0x000016e0,0x00000131,0x000009b2,0x00000134,0x000009b3,0x000200f9,0x000009b5,0x000200f8,
	0x000009a9,0x000500be,0x000000cb,0x000009ab,0x000009a6,0x00000120,0x000300f7,0x000009ae,
	0x00000000,0x000400fa,0x000009ab,0x000009ac,0x000009ad,0x000200f8,0x000009ad,0x000200f9,
	0x000009ae,0x000200f8,0x000009ac,0x000200f9,0x000009ae,0x000200f8,0x000009ae,0x000700f5,
	0x00000025,0x000016e2,0x00000127,0x000009ac,0x0000012a,0x000009ad,0x000700f5,0x00000025,
	0x000016df,0x00000125,0x000009ac,0x00000129,0x000009ad,0x000200f9,0x000009b5,0x000200f8,
	0x000009b5,0x000700f5,0x00000025,0x000016e1,0x000016e2,0x000009ae,0x000016e3,0x000009b4,
	0x000700f5,0x00000025,0x000016de,0x000016df,0x000009ae,0x000016e0,0x000009b4,0x00050085,
	0x00000025,0x000009b8,0x000009a6,0x000016de,0x0006000c,0x00000025,0x000009b9,0x00000001,
	0x00000003,0x000009b8,0x00050085,0x00000025,0x000009ba,0x000009b9,0x00000139,0x00050081,
	0x00000025,0x000009bc,0x000009ba,0x000016e1,0x00050041,0x00000026,0x0000092e,0x00000884,
	0x00000088,0x0004003d,0x00000025,0x0000092f,0x0000092e,0x0008000c,0x00000025,0x000009c2,
	0x00000001,0x0000002b,0x0000092f,0x000000c4,0x00000118,0x000500be,0x000000cb,0x000009c4,
	0x000009c2,0x0000011b,0x000300f7,0x000009d1,0x00000000,0x000400fa,0x000009c4,0x000009c5,
	0x000009cb,0x000200f8,0x000009cb,0x000500be,0x000000cb,0x000009cd,0x000009c2,0x0000012d,
	0x000300f7,0x000009d0,0x00000000,0x000400fa,0x000009cd,0x000009ce,0x000009cf,0x000200f8,
	0x000009cf,0x000200f9,0x000009d0,0x000200f8,0x000009ce,0x000200f9,0x000009d0,0x000200f8,
	0x000009d0,0x000700f5,0x00000025,0x000016e9,0x00000132,0x000009ce,0x000000c4,0x000009cf,
	0x000700f5,0x00000025,0x000016e6,0x00000131,0x000009ce,0x00000134,0x000009cf,0x000200f9,
	0x000009d1,0x000200f8,0x000009c5,0x000500be,0x000000cb,0x000009c7,0x000009c2,0x00000120,
	0x000300f7,0x000009ca,0x00000000,0x000400fa,0x000009c7,0x000009c8,0x000009c9,0x000200f8,
	0x000009c9,0x000200f9,0x000009ca,0x000200f8,0x000009c8,0x000200f9,0x000009ca,0x000200f8,
	0x000009ca,0x000700f5,0x00000025,0x000016e8,0x00000127,0x000009c8,0x0000012a,0x000009c9,
	0x000700f5,0x00000025,0x000016e5,0x00000125,0x000009c8,0x00000129,0x000009c9,0x000200f9,
	0x000009d1,0x000200f8,0x000009d1,0x000700f5,0x00000025,0x000016e7,0x000016e8,0x000009ca,
	0x000016e9,0x000009d0,0x000700f5,0x00000025,0x000016e4,0x000016e5,0x000009ca,0x000016e6,
	0x000009d0,0x00050085,0x00000025,0x000009d4,0x000009c2,0x000016e4,0x0006000c,0x00000025,
	0x000009d5,0x00000001,0x00000003,0x000009d4,0x00050085,0x00000025,0x000009d6,0x000009d5,
	0x00000139,0x00050081,0x00000025,0x000009d8,0x000009d6,0x000016e7,0x00050041,0x00000026,
	0x00000931,0x00000884,0x0000016c,0x0004003d,0x00000025,0x00000932,0x00000931,0x0008000c,
	0x00000025,0x000009de,0x00000001,0x0000002b,0x00000932,0x000000c4,0x00000118,0x000500be,
	0x000000cb,0x000009e0,0x000009de,0x0000011b,0x000300f7,0x000009ed,0x00000000,0x000400fa,
	0x000009e0,0x000009e1,0x000009e7,0x000200f8,0x000009e7,0x000500be,0x000000cb,0x000009e9,
	0x000009de,0x0000012d,0x000300f7,0x000009ec,0x00000000,0x000400fa,0x000009e9,0x000009ea,
	0x000009eb,0x000200f8,0x000009eb,0x000200f9,0x000009ec,0x000200f8,0x000009ea,0x000200f9,
	0x000009ec,0x000200f8,0x000009ec,0x000700f5,0x00000025,0x000016ef,0x00000132,0x000009ea,
	0x000000c4,0x000009eb,0x000700f5,0x00000025,0x000016ec,0x00000131,0x000009ea,0x00000134,
	0x000009eb,0x000200f9,0x000009ed,0x000200f8,0x000009e1,0x000500be,0x000000cb,0x000009e3,
	0x000009de,0x00000120,0x000300f7,0x000009e6,0x00000000,0x000400fa,0x000009e3,0x000009e4,
	0x000009e5,0x000200f8,0x000009e5,0x000200f9,0x000009e6,0x000200f8,0x000009e4,0x000200f9,
	0x000009e6,0x000200f8,0x000009e6,0x000700f5,0x00000025,0x000016ee,0x00000127,0x000009e4,
	0x0000012a,0x000009e5,0x000700f5,0x00000025,0x000016eb,0x00000125,0x000009e4,0x00000129,
	0x000009e5,0x000200f9,0x000009ed,0x000200f8,0x000009ed,0x000700f5,0x00000025,0x000016ed,
	0x000016ee,0x000009e6,0x000016ef,0x000009ec,0x000700f5,0x00000025,0x000016ea,0x000016eb,
	0x000009e6,0x000016ec,0x000009ec,0x00050085,0x00000025,0x000009f0,0x000009de,0x000016ea,
	0x0006000c,0x00000025,0x000009f1,0x00000001,0x00000003,0x000009f0,0x00050085,0x00000025,
	0x000009f2,0x000009f1,0x00000139,0x00050081,0x00000025,0x000009f4,0x000009f2,0x000016ed,
	0x00050041,0x00000026,0x00000935,0x00000884,0x0000008b,0x0003003e,0x00000935,0x000009bc,
	0x00050041,0x00000026,0x00000937,0x00000884,0x00000088,0x0003003e,0x00000937,0x000009d8,
	0x00050041,0x00000026,0x00000939,0x00000884,0x0000016c,0x0003003e,0x00000939,0x000009f4,
	0x000200f9,0x0000093b,0x000200f8,0x0000093b,0x0004003d,0x0000003b,0x0000093c,0x00000884,
	0x0003003e,0x0000088a,0x0000093c,0x000200f9,0x00000a0e,0x000200f8,0x00000a0e,0x000300f7,
	0x00000a4e,0x00000000,0x001100fb,0x000009a0,0x00000a10,0x00000000,0x00000a11,0x00000001,
	0x00000a11,0x00000002,0x00000a24,0x0000000a,0x00000a24,0x00000003,0x00000a37,0x0000000c,
	0x00000a37,0x0000000e,0x00000a4a,0x000200f8,0x00000a4a,0x00050041,0x00000026,0x00000a4b,
	0x0000088a,0x0000008b,0x0004003d,0x00000025,0x00000a4c,0x00000a4b,0x0004007c,0x00000006,
	0x00000a4d,0x00000a4c,0x000200f9,0x00000a4e,0x000200f8,0x00000a37,0x00050041,0x00000026,
	0x00000a38,0x0000088a,0x0000008b,0x0004003d,0x00000025,0x00000a39,0x00000a38,0x0008000c,
	0x00000025,0x00000a98,0x00000001,0x0000002b,0x00000a39,0x000000c4,0x000000c5,0x0004007c,
	0x00000006,0x00000a99,0x00000a98,0x000500b0,0x000000cb,0x00000a9b,0x00000a99,0x000000ca,
	0x000500c7,0x00000006,0x00000a9d,0x00000a99,0x000000cf,0x000500c5,0x00000006,0x00000a9e,
	0x000000cd,0x00000a9d,0x000500c2,0x00000006,0x00000aa0,0x00000a99,0x000000b6,0x00050082,
	0x00000006,0x00000aa1,0x000000d2,0x00000aa0,0x0007000c,0x00000006,0x00000aa2,0x00000001,
	0x00000026,0x00000aa1,0x000000d6,0x000500c2,0x00000006,0x00000aa3,0x00000a9e,0x00000aa2,
	0x00050080,0x00000006,0x00000aa5,0x00000a99,0x000000da,0x000600a9,0x00000006,0x00000aa6,
	0x00000a9b,0x00000aa3,0x00000aa5,0x00050080,0x00000006,0x00000aa8,0x00000aa6,0x000000de,
	0x000500c2,0x00000006,0x00000aaa,0x00000aa6,0x000000e1,0x000500c7,0x00000006,0x00000aab,
	0x00000aaa,0x00000088,0x00050080,0x00000006,0x00000aac,0x00000aa8,0x00000aab,0x000500c2,
	0x00000006,0x00000aad,0x00000aac,0x000000e1,0x000500c7,0x00000006,0x00000aae,0x00000aad,
	0x000000e6,0x00050041,0x00000026,0x00000a3b,0x0000088a,0x00000088,0x0004003d,0x00000025,
	0x00000a3c,0x00000a3b,0x0008000c,0x00000025,0x00000ab4,0x00000001,0x0000002b,0x00000a3c,
	0x000000c4,0x000000c5,0x0004007c,0x00000006,0x00000ab5,0x00000ab4,0x000500b0,0x000000cb,
	0x00000ab7,0x00000ab5,0x000000ca,0x000500c7,0x00000006,0x00000ab9,0x00000ab5,0x000000cf,
	0x000500c5,0x00000006,0x00000aba,0x000000cd,0x00000ab9,0x000500c2,0x00000006,0x00000abc,
	0x00000ab5,0x000000b6,0x00050082,0x00000006,0x00000abd,0x000000d2,0x00000abc,0x0007000c,
	0x00000006,0x00000abe,0x00000001,0x00000026,0x00000abd,0x000000d6,0x000500c2,0x00000006,
	0x00000abf,0x00000aba,0x00000abe,0x00050080,0x00000006,0x00000ac1,0x00000ab5,0x000000da,
	0x000600a9,0x00000006,0x00000ac2,0x00000ab7,0x00000abf,0x00000ac1,0x00050080,0x00000006,
	0x00000ac4,0x00000ac2,0x000000de,0x000500c2,0x00000006,0x00000ac6,0x00000ac2,0x000000e1,
	0x000500c7,0x00000006,0x00000ac7,0x00000ac6,0x00000088,0x00050080,0x00000006,0x00000ac8,
	0x00000ac4,0x00000ac7,0x000500c2,0x00000006,0x00000ac9,0x00000ac8,0x000000e1,0x000500c7,
	0x00000006,0x00000aca,0x00000ac9,0x000000e6,0x000500c4,0x00000006,0x00000a3e,0x00000aca,
	0x00000185,0x000500c5,0x00000006,0x00000a3f,0x00000aae,0x00000a3e,0x00050041,0x00000026,
	0x00000a40,0x0000088a,0x0000016c,0x0004003d,0x00000025,0x00000a41,0x00000a40,0x0008000c,
	0x00000025,0x00000ad0,0x00000001,0x0000002b,0x00000a41,0x000000c4,0x000000c5,0x0004007c,
	0x00000006,0x00000ad1,0x00000ad0,0x000500b0,0x000000cb,0x00000ad3,0x00000ad1,0x000000ca,
	0x000500c7,0x00000006,0x00000ad5,0x00000ad1,0x000000cf,0x000500c5,0x00000006,0x00000ad6,
	0x000000cd,0x00000ad5,0x000500c2,0x00000006,0x00000ad8,0x00000ad1,0x000000b6,0x00050082,
	0x00000006,0x00000ad9,0x000000d2,0x00000ad8,0x0007000c,0x00000006,0x00000ada,0x00000001,
	0x00000026,0x00000ad9,0x000000d6,0x000500c2,0x00000006,0x00000adb,0x00000ad6,0x00000ada,
	0x00050080,0x00000006,0x00000add,0x00000ad1,0x000000da,0x000600a9,0x00000006,0x00000ade,
	0x00000ad3,0x00000adb,0x00000add,0x00050080,0x00000006,0x00000ae0,0x00000ade,0x000000de,
	0x000500c2,0x00000006,0x00000ae2,0x00000ade,0x000000e1,0x000500c7,0x00000006,0x00000ae3,
	0x00000ae2,0x00000088,0x00050080,0x00000006,0x00000ae4,0x00000ae0,0x00000ae3,0x000500c2,
	0x00000006,0x00000ae5,0x00000ae4,0x000000e1,0x000500c7,0x00000006,0x00000ae6,0x00000ae5,
	0x000000e6,0x000500c4,0x00000006,0x00000a43,0x00000ae6,0x0000018d,0x000500c5,0x00000006,
	0x00000a44,0x00000a3f,0x00000a43,0x00050041,0x00000026,0x00000a45,0x0000088a,0x000000a5,
	0x0004003d,0x00000025,0x00000a46,0x00000a45,0x0008000c,0x00000025,0x00000aea,0x00000001,
	0x0000002b,0x00000a46,0x000000c4,0x00000118,0x00050085,0x00000025,0x00000aec,0x00000aea,
	0x00000190,0x00050081,0x00000025,0x00000aed,0x00000aec,0x00000151,0x0004006d,0x00000006,
	0x00000aee,0x00000aed,0x000500c4,0x00000006,0x00000a48,0x00000aee,0x00000196,0x000500c5,
	0x00000006,0x00000a49,0x00000a44,0x00000a48,0x000200f9,0x00000a4e,0x000200f8,0x00000a24,
	0x00050041,0x00000026,0x00000a25,0x0000088a,0x0000008b,0x0004003d,0x00000025,0x00000a26,
	0x00000a25,0x0008000c,0x00000025,0x00000a76,0x00000001,0x0000002b,0x00000a26,0x000000c4,
	0x00000118,0x00050085,0x00000025,0x00000a78,0x00000a76,0x00000134,0x00050081,0x00000025,
	0x00000a79,0x00000a78,0x00000151,0x0004006d,0x00000006,0x00000a7a,0x00000a79,0x00050041,
	0x00000026,0x00000a28,0x0000088a,0x00000088,0x0004003d,0x00000025,0x00000a29,0x00000a28,
	0x0008000c,0x00000025,0x00000a7e,0x00000001,0x0000002b,0x00000a29,0x000000c4,0x00000118,
	0x00050085,0x00000025,0x00000a80,0x00000a7e,0x00000134,0x00050081,0x00000025,0x00000a81,
	0x00000a80,0x00000151,0x0004006d,0x00000006,0x00000a82,0x00000a81,0x000500c4,0x00000006,
	0x00000a2b,0x00000a82,0x00000185,0x000500c5,0x00000006,0x00000a2c,0x00000a7a,0x00000a2b,
	0x00050041,0x00000026,0x00000a2d,0x0000088a,0x0000016c,0x0004003d,0x00000025,0x00000a2e,
	0x00000a2d,0x0008000c,0x00000025,0x00000a86,0x00000001,0x0000002b,0x00000a2e,0x000000c4,
	0x00000118,0x00050085,0x00000025,0x00000a88,0x00000a86,0x00000134,0x00050081,0x00000025,
	0x00000a89,0x00000a88,0x00000151,0x0004006d,0x00000006,0x00000a8a,0x00000a89,0x000500c4,
	0x00000006,0x00000a30,0x00000a8a,0x0000018d,0x000500c5,0x00000006,0x00000a31,0x00000a2c,
	0x00000a30,0x00050041,0x00000026,0x00000a32,0x0000088a,0x000000a5,0x0004003d,0x00000025,
	0x00000a33,0x00000a32,0x0008000c,0x00000025,0x00000a8e,0x00000001,0x0000002b,0x00000a33,
	0x000000c4,0x00000118,0x00050085,0x00000025,0x00000a90,0x00000a8e,0x00000190,0x00050081,
	0x00000025,0x00000a91,0x00000a90,0x00000151,0x0004006d,0x00000006,0x00000a92,0x00000a91,
	0x000500c4,0x00000006,0x00000a35,0x00000a92,0x00000196,0x000500c5,0x00000006,0x00000a36,
	0x00000a31,0x00000a35,0x000200f9,0x00000a4e,0x000200f8,0x00000a11,0x00050041,0x00000026,
	0x00000a12,0x0000088a,0x0000008b,0x0004003d,0x00000025,0x00000a13,0x00000a12,0x0008000c,
	0x00000025,0x00000a56,0x00000001,0x0000002b,0x00000a13,0x000000c4,0x00000118,0x00050085,
	0x00000025,0x00000a58,0x00000a56,0x0000015d,0x00050081,0x00000025,0x00000a59,0x00000a58,
	0x00000151,0x0004006d,0x00000006,0x00000a5a,0x00000a59,0x00050041,0x00000026,0x00000a15,
	0x0000088a,0x00000088,0x0004003d,0x00000025,0x00000a16,0x00000a15,0x0008000c,0x00000025,
	0x00000a5e,0x00000001,0x0000002b,0x00000a16,0x000000c4,0x00000118,0x00050085,0x00000025,
	0x00000a60,0x00000a5e,0x0000015d,0x00050081,0x00000025,0x00000a61,0x00000a60,0x00000151,
	0x0004006d,0x00000006,0x00000a62,0x00000a61,0x000500c4,0x00000006,0x00000a18,0x00000a62,
	0x00000168,0x000500c5,0x00000006,0x00000a19,0x00000a5a,0x00000a18,0x00050041,0x00000026,
	0x00000a1a,0x0000088a,0x0000016c,0x0004003d,0x00000025,0x00000a1b,0x00000a1a,0x0008000c,
	0x00000025,0x00000a66,0x00000001,0x0000002b,0x00000a1b,0x000000c4,0x00000118,0x00050085,
	0x00000025,0x00000a68,0x00000a66,0x0000015d,0x00050081,0x00000025,0x00000a69,0x00000a68,
	0x00000151,0x0004006d,0x00000006,0x00000a6a,0x00000a69,0x000500c4,0x00000006,0x00000a1d,
	0x00000a6a,0x000000e1,0x000500c5,0x00000006,0x00000a1e,0x00000a19,0x00000a1d,0x00050041,
	0x00000026,0x00000a1f,0x0000088a,0x000000a5,0x0004003d,0x00000025,0x00000a20,0x00000a1f,
	0x0008000c,0x00000025,0x00000a6e,0x00000001,0x0000002b,0x00000a20,0x000000c4,0x00000118,
	0x00050085,0x00000025,0x00000a70,0x00000a6e,0x0000015d,0x00050081,0x00000025,0x00000a71,
	0x00000a70,0x00000151,0x0004006d,0x00000006,0x00000a72,0x00000a71,0x000500c4,0x00000006,
	0x00000a22,0x00000a72,0x000000d6,0x000500c5,0x00000006,0x00000a23,0x00000a1e,0x00000a22,
	0x000200f9,0x00000a4e,0x000200f8,0x00000a10,0x000200f9,0x00000a4e,0x000200f8,0x00000a4e,
	0x000d00f5,0x00000006,0x000016f2,0x0000008b,0x00000a10,0x00000a23,0x00000a11,0x00000a36,
	0x00000a24,0x00000a49,0x00000a37,0x00000a4d,0x00000a4a,0x000200f9,0x00000a51,0x000200f8,
	0x00000a51,0x000500aa,0x000000cb,0x00000af2,0x00000687,0x00000088,0x000300f7,0x00000b16,
	0x00000000,0x000400fa,0x00000af2,0x00000af3,0x00000afb,0x000200f8,0x00000afb,0x000500aa,
	0x000000cb,0x00000afd,0x00000687,0x0000016c,0x000300f7,0x00000b15,0x00000000,0x000400fa,
	0x00000afd,0x00000afe,0x00000b0b,0x000200f8,0x00000b0b,0x000500aa,0x000000cb,0x00000b0d,
	0x00000687,0x000000a5,0x000300f7,0x00000b14,0x00000000,0x000400fa,0x00000b0d,0x00000b0e,
	0x00000b14,0x000200f8,0x00000b0e,0x000500c4,0x00000006,0x00000b10,0x000016f2,0x000000e1,
	0x000500c2,0x00000006,0x00000b12,0x000016f2,0x000000e1,0x000500c5,0x00000006,0x00000b13,
	0x00000b10,0x00000b12,0x000200f9,0x00000b14,0x000200f8,0x00000b14,0x000700f5,0x00000006,
	0x000016f5,0x000016f2,0x00000b0b,0x00000b13,0x00000b0e,0x000200f9,0x00000b15,0x000200f8,
	0x00000afe,0x000500c7,0x00000006,0x00000b00,0x000016f2,0x000003e3,0x000500c4,0x00000006,
	0x00000b01,0x00000b00,0x00000168,0x000500c7,0x00000006,0x00000b03,0x000016f2,0x000003e7,
	0x000500c2,0x00000006,0x00000b04,0x00000b03,0x00000168,0x000500c5,0x00000006,0x00000b05,
	0x00000b01,0x00000b04,0x000500c4,0x00000006,0x00000b07,0x00000b05,0x000000e1,0x000500c2,
	0x00000006,0x00000b09,0x00000b05,0x000000e1,0x000500c5,0x00000006,0x00000b0a,0x00000b07,
	0x00000b09,0x000200f9,0x00000b15,0x000200f8,0x00000b15,0x000700f5,0x00000006,0x000016f4,
	0x00000b0a,0x00000afe,0x000016f5,0x00000b14,0x000200f9,0x00000b16,0x000200f8,0x00000af3,
	0x000500c7,0x00000006,0x00000af5,0x000016f2,0x000003e3,0x000500c4,0x00000006,0x00000af6,
	0x00000af5,0x00000168,0x000500c7,0x00000006,0x00000af8,0x000016f2,0x000003e7,0x000500c2,
	0x00000006,0x00000af9,0x00000af8,0x00000168,0x000500c5,0x00000006,0x00000afa,0x00000af6,
	0x00000af9,0x000200f9,0x00000b16,0x000200f8,0x00000b16,0x000700f5,0x00000006,0x000016f3,
	0x00000afa,0x00000af3,0x000016f4,0x00000b15,0x00060041,0x000004ef,0x000006c4,0x000004e3,
	0x00000464,0x000006bd,0x0003003e,0x000006c4,0x000016f3,0x000200f9,0x0000077e,0x000200f8,
	0x000006c5,0x0003003e,0x0000061d,0x00000214,0x00050041,0x0000040d,0x000006c6,0x0000040c,
	0x00000373,0x0004003d,0x00000006,0x000006c7,0x000006c6,0x000500c2,0x00000006,0x00000b1b,
	0x000006c7,0x000000b6,0x000500c7,0x00000006,0x00000b1c,0x00000b1b,0x000000b8,0x000200f9,
	0x000006c9,0x000200f8,0x000006c9,0x000700f5,0x00000006,0x000015d2,0x0000008b,0x000006c5,
	0x000006d9,0x000006d7,0x000400f6,0x000006da,0x000006d7,0x00000000,0x000200f9,0x000006ca,
	0x000200f8,0x000006ca,0x000500b0,0x000000cb,0x000006cd,0x000015d2,0x000015d4,0x000400fa,
	0x000006cd,0x000006ce,0x000006da,0x000200f8,0x000006ce,0x00050080,0x00000006,0x000006d1,
	0x00001601,0x000015d2,0x0004003d,0x00000007,0x000006d2,0x00000603,0x00050041,0x0000040d,
	0x00000b4a,0x0000040c,0x00000360,0x0004003d,0x00000006,0x00000b4b,0x00000b4a,0x000500c2,
	0x00000006,0x00000b4c,0x00000b4b,0x000000f2,0x000500c7,0x00000006,0x00000b4d,0x00000b4c,
	0x00000088,0x000500ab,0x000000cb,0x00000b4e,0x00000b4d,0x0000008b,0x000600a9,0x00000006,
	0x00000b4f,0x00000b4e,0x00000088,0x0000008b,0x00050041,0x0000040d,0x00000b50,0x0000040c,
	0x00000360,0x0004003d,0x00000006,0x00000b51,0x00000b50,0x000500c2,0x00000006,0x00000b52,
	0x00000b51,0x00000416,0x000500c7,0x00000006,0x00000b53,0x00000b52,0x00000088,0x000500ab,
	0x000000cb,0x00000b54,0x00000b53,0x0000008b,0x000600a9,0x00000006,0x00000b55,0x00000b54,
	0x0000016c,0x0000008b,0x000500c5,0x00000006,0x00000b56,0x00000b4f,0x00000b55,0x00050041,
	0x0000040d,0x00000b57,0x0000040c,0x00000373,0x0004003d,0x00000006,0x00000b58,0x00000b57,
	0x0003003e,0x00000b43,0x000006d2,0x00050041,0x0000040d,0x00000b5c,0x0000040c,0x0000038b,
	0x0004003d,0x00000006,0x00000b5d,0x00000b5c,0x000500c2,0x00000006,0x00000c46,0x00000b58,
	0x000000a3,0x000500c7,0x00000006,0x00000c47,0x00000c46,0x000000a5,0x000500ae,0x000000cb,
	0x00000b95,0x00000c47,0x0000016c,0x000600a9,0x00000006,0x00000b96,0x00000b95,0x00000088,
	0x0000008b,0x000500ae,0x000000cb,0x00000b98,0x00000c47,0x00000088,0x000600a9,0x00000006,
	0x00000b99,0x00000b98,0x00000088,0x0000008b,0x00050041,0x00000009,0x00000b9a,0x00000b43,
	0x0000008b,0x0004003d,0x00000006,0x00000b9b,0x00000b9a,0x000500c4,0x00000006,0x00000b9d,
	0x00000b9b,0x00000b96,0x000500ae,0x000000cb,0x00000b9f,0x00000c47,0x0000016c,0x000500c7,
	0x00000006,0x00000ba1,0x000006d1,0x00000088,0x000600a9,0x00000006,0x00000ba2,0x00000b9f,
	0x00000ba1,0x0000008b,0x00050080,0x00000006,0x00000ba3,0x00000b9d,0x00000ba2,0x00050041,
	0x00000009,0x00000ba4,0x00000b43,0x00000088,0x0004003d,0x00000006,0x00000ba5,0x00000ba4,
	0x000500c4,0x00000006,0x00000ba7,0x00000ba5,0x00000b99,0x000500ae,0x000000cb,0x00000ba9,
	0x00000c47,0x0000016c,0x000500c2,0x00000006,0x00000bab,0x000006d1,0x00000088,0x000500aa,
	0x000000cb,0x00000bad,0x00000c47,0x00000088,0x000600a9,0x00000006,0x00000baf,0x00000bad,
	0x000006d1,0x0000008b,0x000600a9,0x00000006,0x00000bb0,0x00000ba9,0x00000bab,0x00000baf,
	0x00050080,0x00000006,0x00000bb1,0x00000ba7,0x00000bb0,0x000500c2,0x00000006,0x00000c4b,
	0x00000b58,0x000000aa,0x000500c7,0x00000006,0x00000c4c,0x00000c4b,0x00000088,0x000500ab,
	0x000000cb,0x00000bb4,0x00000c4c,0x0000008b,0x00050084,0x00000006,0x00000bb6,0x00000ba3,
	0x0000016c,0x000600a9,0x00000006,0x00000bba,0x00000bb4,0x00000bb6,0x00000ba3,0x00050086,
	0x00000006,0x00000bbc,0x00000bba,0x000002a2,0x00050089,0x00000006,0x00000bbe,0x00000bba,
	0x000002a2,0x000500c2,0x00000006,0x00000bc0,0x00000bb1,0x000002a9,0x000500c7,0x00000006,
	0x00000bc2,0x00000bb1,0x000000b8,0x000500c7,0x00000006,0x00000c50,0x00000b58,0x00000097,
	0x000500c2,0x00000006,0x00000c54,0x00000b58,0x0000009c,0x000500c7,0x00000006,0x00000c55,
	0x00000c54,0x0000009e,0x000500c2,0x00000006,0x00000c59,0x00000b58,0x000000aa,0x000500c7,
	0x00000006,0x00000c5a,0x00000c59,0x00000088,0x000500c4,0x00000006,0x00000bca,0x00000c55,
	0x00000c5a,0x00050084,0x00000006,0x00000bcb,0x00000bc0,0x00000bca,0x00050080,0x00000006,
	0x00000bcc,0x00000c50,0x00000bcb,0x00050080,0x00000006,0x00000bce,0x00000bcc,0x00000bbc,
	0x000500c7,0x00000006,0x00000bcf,0x00000bce,0x00000097,0x000500c7,0x00000006,0x00000c5e,
	0x00000b5d,0x00000097,0x00050082,0x00000006,0x00000bd3,0x00000bcf,0x00000c5e,0x000500c7,
	0x00000006,0x00000bd4,0x00000bd3,0x00000097,0x000500c2,0x00000006,0x00000c62,0x00000b5d,
	0x0000009c,0x000500c7,0x00000006,0x00000c63,0x00000c62,0x0000009e,0x000500c2,0x00000006,
	0x00000c67,0x00000b5d,0x000000aa,0x000500c7,0x00000006,0x00000c68,0x00000c67,0x00000088,
	0x000500c4,0x00000006,0x00000bd9,0x00000c63,0x00000c68,0x00050089,0x00000006,0x00000bdc,
	0x00000bd4,0x00000bd9,0x00050086,0x00000006,0x00000bdf,0x00000bd4,0x00000bd9,0x000500c2,
	0x00000006,0x00000c6c,0x00000b5d,0x000000b0,0x000500c7,0x00000006,0x00000c6d,0x00000c6c,
	0x00000088,0x000500c2,0x00000006,0x00000c71,0x00000b58,0x000000b0,0x000500c7,0x00000006,
	0x00000c72,0x00000c71,0x00000088,0x000500ab,0x000000cb,0x00000be4,0x00000c6d,0x00000c72,
	0x000300f7,0x00000be9,0x00000000,0x000400fa,0x00000be4,0x00000be5,0x00000be9,0x000200f8,
	0x00000be5,0x00050080,0x00000006,0x00000be7,0x00000bbe,0x000002e0,0x00050089,0x00000006,
	0x00000be8,0x00000be7,0x000002a2,0x000200f9,0x00000be9,0x000200f8,0x00000be9,0x000700f5,
	0x00000006,0x00001602,0x00000bbe,0x000006ce,0x00000be8,0x00000be5,0x000500c2,0x00000006,
	0x00000c76,0x00000b5d,0x000000a3,0x000500c7,0x00000006,0x00000c77,0x00000c76,0x000000a5,
	0x00050084,0x00000006,0x00000bed,0x00000bdc,0x000002a2,0x00050080,0x00000006,0x00000bef,
	0x00000bed,0x00001602,0x000500c2,0x00000006,0x00000c7b,0x00000b5d,0x000000aa,0x000500c7,
	0x00000006,0x00000c7c,0x00000c7b,0x00000088,0x000500ab,0x000000cb,0x00000bf2,0x00000c7c,
	0x0000008b,0x000300f7,0x00000bf8,0x00000000,0x000400fa,0x00000bf2,0x00000bf3,0x00000bf8,
	0x000200f8,0x00000bf3,0x000500c2,0x00000006,0x00000bf7,0x00000bef,0x00000088,0x000200f9,
	0x00000bf8,0x000200f8,0x00000bf8,0x000700f5,0x00000006,0x00001603,0x00000bef,0x00000be9,
	0x00000bf7,0x00000bf3,0x00050084,0x00000006,0x00000bfa,0x00000bdf,0x000000e1,0x00050080,
	0x00000006,0x00000bfc,0x00000bfa,0x00000bc2,0x000500ae,0x000000cb,0x00000bfe,0x00000c77,
	0x0000016c,0x000600a9,0x00000006,0x00000bff,0x00000bfe,0x00000088,0x0000008b,0x000500ae,
	0x000000cb,0x00000c01,0x00000c77,0x00000088,0x000600a9,0x00000006,0x00000c02,0x00000c01,
	0x00000088,0x0000008b,0x000500c2,0x00000006,0x00000c05,0x00001603,0x00000bff,0x0004007c,
	0x0000005b,0x00000c06,0x00000c05,0x000500c2,0x00000006,0x00000c09,0x00000bfc,0x00000c02,
	0x0004007c,0x0000005b,0x00000c0a,0x00000c09,0x00050050,0x00000304,0x00000c0b,0x00000c06,
	0x00000c0a,0x0004007c,0x0000005b,0x00000c0d,0x00000672,0x00050050,0x00000304,0x00000c0e,
	0x00000c0d,0x00000c0d,0x00050084,0x00000304,0x00000c0f,0x00000c0b,0x00000c0e,0x0004007c,
	0x00000304,0x00000c11,0x000015d1,0x00050080,0x00000304,0x00000c12,0x00000c0f,0x00000c11,
	0x000500c7,0x00000006,0x00000c15,0x00001603,0x00000bff,0x000500c7,0x00000006,0x00000c18,
	0x00000bfc,0x00000c02,0x000500c4,0x00000006,0x00000c1a,0x00000c18,0x00000bff,0x000500c5,
	0x00000006,0x00000c1b,0x00000c15,0x00000c1a,0x000500c2,0x00000006,0x00000c80,0x00000b5d,
	0x000000bd,0x000500c7,0x00000006,0x00000c81,0x00000c80,0x000000a5,0x000500aa,0x000000cb,
	0x00000c87,0x00000c81,0x000000a5,0x000300f7,0x00000c9e,0x00000000,0x000400fa,0x00000c87,
	0x00000c88,0x00000c89,0x000200f8,0x00000c89,0x000500aa,0x000000cb,0x00000c8b,0x00000c77,
	0x00000088,0x000500aa,0x000000cb,0x00000c8d,0x00000c81,0x00000088,0x000500a7,0x000000cb,
	0x00000c8e,0x00000c8b,0x00000c8d,0x000300f7,0x00000c9d,0x00000000,0x000400fa,0x00000c8e,
	0x00000c8f,0x00000c92,0x000200f8,0x00000c92,0x000500aa,0x000000cb,0x00000c94,0x00000c77,
	0x00000088,0x000500aa,0x000000cb,0x00000c96,0x00000c81,0x0000016c,0x000500a7,0x000000cb,
	0x00000c97,0x00000c94,0x00000c96,0x000300f7,0x00000c9c,0x00000000,0x000400fa,0x00000c97,
	0x00000c98,0x00000c9c,0x000200f8,0x00000c98,0x000500ab,0x000000cb,0x00000c9a,0x00000c1b,
	0x0000008b,0x000600a9,0x00000006,0x00000c9b,0x00000c9a,0x000000a5,0x0000008b,0x000200f9,
	0x00000c9c,0x000200f8,0x00000c9c,0x000700f5,0x00000006,0x00001611,0x00000c1b,0x00000c92,
	0x00000c9b,0x00000c98,0x000200f9,0x00000c9d,0x000200f8,0x00000c8f,0x000500c6,0x00000006,
	0x00000c91,0x00000c1b,0x00000088,0x000200f9,0x00000c9d,0x000200f8,0x00000c9d,0x000700f5,
	0x00000006,0x00001610,0x00000c91,0x00000c8f,0x00001611,0x00000c9c,0x000200f9,0x00000c9e,
	0x000200f8,0x00000c88,0x000200f9,0x00000c9e,0x000200f8,0x00000c9e,0x000700f5,0x00000006,
	0x0000160f,0x0000008b,0x00000c88,0x00001610,0x00000c9d,0x0004003d,0x0000032c,0x00000c21,
	0x0000032e,0x0004007c,0x0000005b,0x00000c24,0x0000160f,0x0007005f,0x0000003b,0x00000c25,
	0x00000c21,0x00000c12,0x00000040,0x00000c24,0x0003003e,0x00000b88,0x00000c25,0x000500c2,
	0x00000006,0x00000ca3,0x00000b5d,0x000000b6,0x000500c7,0x00000006,0x00000ca4,0x00000ca3,
	0x000000b8,0x000500aa,0x000000cb,0x00000c29,0x00000ca4,0x00000088,0x000500c7,0x00000006,
	0x00000c2b,0x00000b56,0x0000016c,0x000500ab,0x000000cb,0x00000c2c,0x00000c2b,0x0000008b,
	0x000500a7,0x000000cb,0x00000c2d,0x00000c29,0x00000c2c,0x000300f7,0x00000c3f,0x00000000,
	0x000400fa,0x00000c2d,0x00000c2e,0x00000c3f,0x000200f8,0x00000c2e,0x00050041,0x00000026,
	0x00000c2f,0x00000b88,0x0000008b,0x0004003d,0x00000025,0x00000c30,0x00000c2f,0x0008000c,
	0x00000025,0x00000caa,0x00000001,0x0000002b,0x00000c30,0x000000c4,0x00000118,0x000500be,
	0x000000cb,0x00000cac,0x00000caa,0x0000011b,0x000300f7,0x00000cb9,0x00000000,0x000400fa,
	0x00000cac,0x00000cad,0x00000cb3,0x000200f8,0x00000cb3,0x000500be,0x000000cb,0x00000cb5,
	0x00000caa,0x0000012d,0x000300f7,0x00000cb8,0x00000000,0x000400fa,0x00000cb5,0x00000cb6,
	0x00000cb7,0x000200f8,0x00000cb7,0x000200f9,0x00000cb8,0x000200f8,0x00000cb6,0x000200f9,
	0x00000cb8,0x000200f8,0x00000cb8,0x000700f5,0x00000025,0x00001617,0x00000132,0x00000cb6,
	0x000000c4,0x00000cb7,0x000700f5,0x00000025,0x00001614,0x00000131,0x00000cb6,0x00000134,
	0x00000cb7,0x000200f9,0x00000cb9,0x000200f8,0x00000cad,0x000500be,0x000000cb,0x00000caf,
	0x00000caa,0x00000120,0x000300f7,0x00000cb2,0x00000000,0x000400fa,0x00000caf,0x00000cb0,
	0x00000cb1,0x000200f8,0x00000cb1,0x000200f9,0x00000cb2,0x000200f8,0x00000cb0,0x000200f9,
	0x00000cb2,0x000200f8,0x00000cb2,0x000700f5,0x00000025,0x00001616,0x00000127,0x00000cb0,
	0x0000012a,0x00000cb1,0x000700f5,0x00000025,0x00001613,0x00000125,0x00000cb0,0x00000129,
	0x00000cb1,0x000200f9,0x00000cb9,0x000200f8,0x00000cb9,0x000700f5,0x00000025,0x00001615,
	0x00001616,0x00000cb2,0x00001617,0x00000cb8,0x000700f5,0x00000025,0x00001612,0x00001613,
	0x00000cb2,0x00001614,0x00000cb8,0x00050085,0x00000025,0x00000cbc,0x00000caa,0x00001612,
	0x0006000c,0x00000025,0x00000cbd,0x00000001,0x00000003,0x00000cbc,0x00050085,0x00000025,
	0x00000cbe,0x00000cbd,0x00000139,0x00050081,0x00000025,0x00000cc0,0x00000cbe,0x00001615,
	0x00050041,0x00000026,0x00000c32,0x00000b88,0x00000088,0x0004003d,0x00000025,0x00000c33,
	0x00000c32,0x0008000c,0x00000025,0x00000cc6,0x00000001,0x0000002b,0x00000c33,0x000000c4,
	0x00000118,0x000500be,0x000000cb,0x00000cc8,0x00000cc6,0x0000011b,0x000300f7,0x00000cd5,
	0x00000000,0x000400fa,0x00000cc8,0x00000cc9,0x00000ccf,0x000200f8,0x00000ccf,0x000500be,
	0x000000cb,0x00000cd1,0x00000cc6,0x0000012d,0x000300f7,0x00000cd4,0x00000000,0x000400fa,
	0x00000cd1,0x00000cd2,0x00000cd3,0x000200f8,0x00000cd3,0x000200f9,0x00000cd4,0x000200f8,
	0x00000cd2,0x000200f9,0x00000cd4,0x000200f8,0x00000cd4,0x000700f5,0x00000025,0x0000161d,
	0x00000132,0x00000cd2,0x000000c4,0x00000cd3,0x000700f5,0x00000025,0x0000161a,0x00000131,
	0x00000cd2,0x00000134,0x00000cd3,0x000200f9,0x00000cd5,0x000200f8,0x00000cc9,0x000500be,
	0x000000cb,0x00000ccb,0x00000cc6,0x00000120,0x000300f7,0x00000cce,0x00000000,0x000400fa,
	0x00000ccb,0x00000ccc,0x00000ccd,0x000200f8,0x00000ccd,0x000200f9,0x00000cce,0x000200f8,
	0x00000ccc,0x000200f9,0x00000cce,0x000200f8,0x00000cce,0x000700f5,0x00000025,0x0000161c,
	0x00000127,0x00000ccc,0x0000012a,0x00000ccd,0x000700f5,0x00000025,0x00001619,0x00000125,
	0x00000ccc,0x00000129,0x00000ccd,0x000200f9,0x00000cd5,0x000200f8,0x00000cd5,0x000700f5,
	0x00000025,0x0000161b,0x0000161c,0x00000cce,0x0000161d,0x00000cd4,0x000700f5,0x00000025,
	0x00001618,0x00001619,0x00000cce,0x0000161a,0x00000cd4,0x00050085,0x00000025,0x00000cd8,
	0x00000cc6,0x00001618,0x0006000c,0x00000025,0x00000cd9,0x00000001,0x00000003,0x00000cd8,
	0x00050085,0x00000025,0x00000cda,0x00000cd9,0x00000139,0x00050081,0x00000025,0x00000cdc,
	0x00000cda,0x0000161b,0x00050041,0x00000026,0x00000c35,0x00000b88,0x0000016c,0x0004003d,
	0x00000025,0x00000c36,0x00000c35,0x0008000c,0x00000025,0x00000ce2,0x00000001,0x0000002b,
	0x00000c36,0x000000c4,0x00000118,0x000500be,0x000000cb,0x00000ce4,0x00000ce2,0x0000011b,
	0x000300f7,0x00000cf1,0x00000000,0x000400fa,0x00000ce4,0x00000ce5,0x00000ceb,0x000200f8,
	0x00000ceb,0x000500be,0x000000cb,0x00000ced,0x00000ce2,0x0000012d,0x000300f7,0x00000cf0,
	0x00000000,0x000400fa,0x00000ced,0x00000cee,0x00000cef,0x000200f8,0x00000cef,0x000200f9,
	0x00000cf0,0x000200f8,0x00000cee,0x000200f9,0x00000cf0,0x000200f8,0x00000cf0,0x000700f5,
	0x00000025,0x00001623,0x00000132,0x00000cee,0x000000c4,0x00000cef,0x000700f5,0x00000025,
	0x00001620,0x00000131,0x00000cee,0x00000134,0x00000cef,0x000200f9,0x00000cf1,0x000200f8,
	0x00000ce5,0x000500be,0x000000cb,0x00000ce7,0x00000ce2,0x00000120,0x000300f7,0x00000cea,
	0x00000000,0x000400fa,0x00000ce7,0x00000ce8,0x00000ce9,0x000200f8,0x00000ce9,0x000200f9,
	0x00000cea,0x000200f8,0x00000ce8,0x000200f9,0x00000cea,0x000200f8,0x00000cea,0x000700f5,
	0x00000025,0x00001622,0x00000127,0x00000ce8,0x0000012a,0x00000ce9,0x000700f5,0x00000025,
	0x0000161f,0x00000125,0x00000ce8,0x00000129,0x00000ce9,0x000200f9,0x00000cf1,0x000200f8,
	0x00000cf1,0x000700f5,0x00000025,0x00001621,0x00001622,0x00000cea,0x00001623,0x00000cf0,
	0x000700f5,0x00000025,0x0000161e,0x0000161f,0x00000cea,0x00001620,0x00000cf0,0x00050085,
	0x00000025,0x00000cf4,0x00000ce2,0x0000161e,0x0006000c,0x00000025,0x00000cf5,0x00000001,
	0x00000003,0x00000cf4,0x00050085,0x00000025,0x00000cf6,0x00000cf5,0x00000139,0x00050081,
	0x00000025,0x00000cf8,0x00000cf6,0x00001621,0x00050041,0x00000026,0x00000c39,0x00000b88,
	0x0000008b,0x0003003e,0x00000c39,0x00000cc0,0x00050041,0x00000026,0x00000c3b,0x00000b88,
	0x00000088,0x0003003e,0x00000c3b,0x00000cdc,0x00050041,0x00000026,0x00000c3d,0x00000b88,
	0x0000016c,0x0003003e,0x00000c3d,0x00000cf8,0x000200f9,0x00000c3f,0x000200f8,0x00000c3f,
	0x0004003d,0x0000003b,0x00000c40,0x00000b88,0x0003003e,0x00000b8e,0x00000c40,0x000200f9,
	0x00000d12,0x000200f8,0x00000d12,0x000300f7,0x00000d52,0x00000000,0x001100fb,0x00000ca4,
	0x00000d14,0x00000000,0x00000d15,0x00000001,0x00000d15,0x00000002,0x00000d28,0x0000000a,
	0x00000d28,0x00000003,0x00000d3b,0x0000000c,0x00000d3b,0x0000000e,0x00000d4e,0x000200f8,
	0x00000d4e,0x00050041,0x00000026,0x00000d4f,0x00000b8e,0x0000008b,0x0004003d,0x00000025,
	0x00000d50,0x00000d4f,0x0004007c,0x00000006,0x00000d51,0x00000d50,0x000200f9,0x00000d52,
	0x000200f8,0x00000d3b,0x00050041,0x00000026,0x00000d3c,0x00000b8e,0x0000008b,0x0004003d,
	0x00000025,0x00000d3d,0x00000d3c,0x0008000c,0x00000025,0x00000d9c,0x00000001,0x0000002b,
	0x00000d3d,0x000000c4,0x000000c5,0x0004007c,0x00000006,0x00000d9d,0x00000d9c,0x000500b0,
	0x000000cb,0x00000d9f,0x00000d9d,0x000000ca,0x000500c7,0x00000006,0x00000da1,0x00000d9d,
	0x000000cf,0x000500c5,0x00000006,0x00000da2,0x000000cd,0x00000da1,0x000500c2,0x00000006,
	0x00000da4,0x00000d9d,0x000000b6,0x00050082,0x00000006,0x00000da5,0x000000d2,0x00000da4,
	0x0007000c,0x00000006,0x00000da6,0x00000001,0x00000026,0x00000da5,0x000000d6,0x000500c2,
	0x00000006,0x00000da7,0x00000da2,0x00000da6,0x00050080,0x00000006,0x00000da9,0x00000d9d,
	0x000000da,0x000600a9,0x00000006,0x00000daa,0x00000d9f,0x00000da7,0x00000da9,0x00050080,
	0x00000006,0x00000dac,0x00000daa,0x000000de,0x000500c2,0x00000006,0x00000dae,0x00000daa,
	0x000000e1,0x000500c7,0x00000006,0x00000daf,0x00000dae,0x00000088,0x00050080,0x00000006,
	0x00000db0,0x00000dac,0x00000daf,0x000500c2,0x00000006,0x00000db1,0x00000db0,0x000000e1,
	0x000500c7,0x00000006,0x00000db2,0x00000db1,0x000000e6,0x00050041,0x00000026,0x00000d3f,
	0x00000b8e,0x00000088,0x0004003d,0x00000025,0x00000d40,0x00000d3f,0x0008000c,0x00000025,
	0x00000db8,0x00000001,0x0000002b,0x00000d40,0x000000c4,0x000000c5,0x0004007c,0x00000006,
	0x00000db9,0x00000db8,0x000500b0,0x000000cb,0x00000dbb,0x00000db9,0x000000ca,0x000500c7,
	0x00000006,0x00000dbd,0x00000db9,0x000000cf,0x000500c5,0x00000006,0x00000dbe,0x000000cd,
	0x00000dbd,0x000500c2,0x00000006,0x00000dc0,0x00000db9,0x000000b6,0x00050082,0x00000006,
	0x00000dc1,0x000000d2,0x00000dc0,0x0007000c,0x00000006,0x00000dc2,0x00000001,0x00000026,
	0x00000dc1,0x000000d6,0x000500c2,0x00000006,0x00000dc3,0x00000dbe,0x00000dc2,0x00050080,
	0x00000006,0x00000dc5,0x00000db9,0x000000da,0x000600a9,0x00000006,0x00000dc6,0x00000dbb,
	0x00000dc3,0x00000dc5,0x00050080,0x00000006,0x00000dc8,0x00000dc6,0x000000de,0x000500c2,
	0x00000006,0x00000dca,0x00000dc6,0x000000e1,0x000500c7,0x00000006,0x00000dcb,0x00000dca,
	0x00000088,0x00050080,0x00000006,0x00000dcc,0x00000dc8,0x00000dcb,0x000500c2,0x00000006,
	0x00000dcd,0x00000dcc,0x000000e1,0x000500c7,0x00000006,0x00000dce,0x00000dcd,0x000000e6,
	0x000500c4,0x00000006,0x00000d42,0x00000dce,0x00000185,0x000500c5,0x00000006,0x00000d43,
	0x00000db2,0x00000d42,0x00050041,0x00000026,0x00000d44,0x00000b8e,0x0000016c,0x0004003d,
	0x00000025,0x00000d45,0x00000d44,0x0008000c,0x00000025,0x00000dd4,0x00000001,0x0000002b,
	0x00000d45,0x000000c4,0x000000c5,0x0004007c,0x00000006,0x00000dd5,0x00000dd4,0x000500b0,
	0x000000cb,0x00000dd7,0x00000dd5,0x000000ca,0x000500c7,0x00000006,0x00000dd9,0x00000dd5,
	0x000000cf,0x000500c5,0x00000006,0x00000dda,0x000000cd,0x00000dd9,0x000500c2,0x00000006,
	0x00000ddc,0x00000dd5,0x000000b6,0x00050082,0x00000006,0x00000ddd,0x000000d2,0x00000ddc,
	0x0007000c,0x00000006,0x00000dde,0x00000001,0x00000026,0x00000ddd,0x000000d6,0x000500c2,
	0x00000006,0x00000ddf,0x00000dda,0x00000dde,0x00050080,0x00000006,0x00000de1,0x00000dd5,
	0x000000da,0x000600a9,0x00000006,0x00000de2,0x00000dd7,0x00000ddf,0x00000de1,0x00050080,
	0x00000006,0x00000de4,0x00000de2,0x000000de,0x000500c2,0x00000006,0x00000de6,0x00000de2,
	0x000000e1,0x000500c7,0x00000006,0x00000de7,0x00000de6,0x00000088,0x00050080,0x00000006,
	0x00000de8,0x00000de4,0x00000de7,0x000500c2,0x00000006,0x00000de9,0x00000de8,0x000000e1,
	0x000500c7,0x00000006,0x00000dea,0x00000de9,0x000000e6,0x000500c4,0x00000006,0x00000d47,
	0x00000dea,0x0000018d,0x000500c5,0x00000006,0x00000d48,0x00000d43,0x00000d47,0x00050041,
	0x00000026,0x00000d49,0x00000b8e,0x000000a5,0x0004003d,0x00000025,0x00000d4a,0x00000d49,
	0x0008000c,0x00000025,0x00000dee,0x00000001,0x0000002b,0x00000d4a,0x000000c4,0x00000118,
	0x00050085,0x00000025,0x00000df0,0x00000dee,0x00000190,0x00050081,0x00000025,0x00000df1,
	0x00000df0,0x00000151,0x0004006d,0x00000006,0x00000df2,0x00000df1,0x000500c4,0x00000006,
	0x00000d4c,0x00000df2,0x00000196,0x000500c5,0x00000006,0x00000d4d,0x00000d48,0x00000d4c,
	0x000200f9,0x00000d52,0x000200f8,0x00000d28,0x00050041,0x00000026,0x00000d29,0x00000b8e,
	0x0000008b,0x0004003d,0x00000025,0x00000d2a,0x00000d29,0x0008000c,0x00000025,0x00000d7a,
	0x00000001,0x0000002b,0x00000d2a,0x000000c4,0x00000118,0x00050085,0x00000025,0x00000d7c,
	0x00000d7a,0x00000134,0x00050081,0x00000025,0x00000d7d,0x00000d7c,0x00000151,0x0004006d,
	0x00000006,0x00000d7e,0x00000d7d,0x00050041,0x00000026,0x00000d2c,0x00000b8e,0x00000088,
	0x0004003d,0x00000025,0x00000d2d,0x00000d2c,0x0008000c,0x00000025,0x00000d82,0x00000001,
	0x0000002b,0x00000d2d,0x000000c4,0x00000118,0x00050085,0x00000025,0x00000d84,0x00000d82,
	0x00000134,0x00050081,0x00000025,0x00000d85,0x00000d84,0x00000151,0x0004006d,0x00000006,
	0x00000d86,0x00000d85,0x000500c4,0x00000006,0x00000d2f,0x00000d86,0x00000185,0x000500c5,
	0x00000006,0x00000d30,0x00000d7e,0x00000d2f,0x00050041,0x00000026,0x00000d31,0x00000b8e,
	0x0000016c,0x0004003d,0x00000025,0x00000d32,0x00000d31,0x0008000c,0x00000025,0x00000d8a,
	0x00000001,0x0000002b,0x00000d32,0x000000c4,0x00000118,0x00050085,0x00000025,0x00000d8c,
	0x00000d8a,0x00000134,0x00050081,0x00000025,0x00000d8d,0x00000d8c,0x00000151,0x0004006d,
	0x00000006,0x00000d8e,0x00000d8d,0x000500c4,0x00000006,0x00000d34,0x00000d8e,0x0000018d,
	0x000500c5,0x00000006,0x00000d35,0x00000d30,0x00000d34,0x00050041,0x00000026,0x00000d36,
	0x00000b8e,0x000000a5,0x0004003d,0x00000025,0x00000d37,0x00000d36,0x0008000c,0x00000025,
	0x00000d92,0x00000001,0x0000002b,0x00000d37,0x000000c4,0x00000118,0x00050085,0x00000025,
	0x00000d94,0x00000d92,0x00000190,0x00050081,0x00000025,0x00000d95,0x00000d94,0x00000151,
	0x0004006d,0x00000006,0x00000d96,0x00000d95,0x000500c4,0x00000006,0x00000d39,0x00000d96,
	0x00000196,0x000500c5,0x00000006,0x00000d3a,0x00000d35,0x00000d39,0x000200f9,0x00000d52,
	0x000200f8,0x00000d15,0x00050041,0x00000026,0x00000d16,0x00000b8e,0x0000008b,0x0004003d,
	0x00000025,0x00000d17,0x00000d16,0x0008000c,0x00000025,0x00000d5a,0x00000001,0x0000002b,
	0x00000d17,0x000000c4,0x00000118,0x00050085,0x00000025,0x00000d5c,0x00000d5a,0x0000015d,
	0x00050081,0x00000025,0x00000d5d,0x00000d5c,0x00000151,0x0004006d,0x00000006,0x00000d5e,
	0x00000d5d,0x00050041,0x00000026,0x00000d19,0x00000b8e,0x00000088,0x0004003d,0x00000025,
	0x00000d1a,0x00000d19,0x0008000c,0x00000025,0x00000d62,0x00000001,0x0000002b,0x00000d1a,
	0x000000c4,0x00000118,0x00050085,0x00000025,0x00000d64,0x00000d62,0x0000015d,0x00050081,
	0x00000025,0x00000d65,0x00000d64,0x00000151,0x0004006d,0x00000006,0x00000d66,0x00000d65,
	0x000500c4,0x00000006,0x00000d1c,0x00000d66,0x00000168,0x000500c5,0x00000006,0x00000d1d,
	0x00000d5e,0x00000d1c,0x00050041,0x00000026,0x00000d1e,0x00000b8e,0x0000016c,0x0004003d,
	0x00000025,0x00000d1f,0x00000d1e,0x0008000c,0x00000025,0x00000d6a,0x00000001,0x0000002b,
	0x00000d1f,0x000000c4,0x00000118,0x00050085,0x00000025,0x00000d6c,0x00000d6a,0x0000015d,
	0x00050081,0x00000025,0x00000d6d,0x00000d6c,0x00000151,0x0004006d,0x00000006,0x00000d6e,
	0x00000d6d,0x000500c4,0x00000006,0x00000d21,0x00000d6e,0x000000e1,0x000500c5,0x00000006,
	0x00000d22,0x00000d1d,0x00000d21,0x00050041,0x00000026,0x00000d23,0x00000b8e,0x000000a5,
	0x0004003d,0x00000025,0x00000d24,0x00000d23,0x0008000c,0x00000025,0x00000d72,0x00000001,
	0x0000002b,0x00000d24,0x000000c4,0x00000118,0x00050085,0x00000025,0x00000d74,0x00000d72,
	0x0000015d,0x00050081,0x00000025,0x00000d75,0x00000d74,0x00000151,0x0004006d,0x00000006,
	0x00000d76,0x00000d75,0x000500c4,0x00000006,0x00000d26,0x00000d76,0x000000d6,0x000500c5,
	0x00000006,0x00000d27,0x00000d22,0x00000d26,0x000200f9,0x00000d52,0x000200f8,0x00000d14,
	0x000200f9,0x00000d52,0x000200f8,0x00000d52,0x000d00f5,0x00000006,0x00001626,0x0000008b,
	0x00000d14,0x00000d27,0x00000d15,0x00000d3a,0x00000d28,0x00000d4d,0x00000d3b,0x00000d51,
	0x00000d4e,0x000200f9,0x00000d55,0x000200f8,0x00000d55,0x00050041,0x0000040d,0x00000b2f,
	0x0000040c,0x00000373,0x0004003d,0x00000006,0x00000b30,0x00000b2f,0x000500c2,0x00000006,
	0x00000df6,0x00000b30,0x000000aa,0x000500c7,0x00000006,0x00000df7,0x00000df6,0x00000088,
	0x000500ab,0x000000cb,0x00000b32,0x00000df7,0x0000008b,0x000300f7,0x00000b3f,0x00000002,
	0x000400fa,0x00000b32,0x00000b33,0x00000b3b,0x000200f8,0x00000b3b,0x000200f9,0x0000111b,
	0x000200f8,0x0000111b,0x000300f7,0x00001167,0x00000000,0x001500fb,0x00000b1c,0x0000111d,
	0x00000000,0x0000111e,0x00000001,0x0000111e,0x00000002,0x0000112f,0x0000000a,0x0000112f,
	0x00000003,0x00001145,0x0000000c,0x00001145,0x0000000e,0x00001153,0x00000004,0x00001157,
	0x00000006,0x0000115e,0x000200f8,0x0000115e,0x0006000c,0x0000020b,0x00001160,0x00000001,
	0x0000003e,0x00001626,0x00050051,0x00000025,0x00001161,0x00001160,0x00000000,0x000500c2,
	0x00000006,0x00001163,0x00001626,0x000000e1,0x0006000c,0x0000020b,0x00001164,0x00000001,
	0x0000003e,0x00001163,0x00050051,0x00000025,0x00001165,0x00001164,0x00000000,0x00070050,
	0x0000003b,0x00001166,0x00001161,0x00001165,0x000000c4,0x000000c4,0x000200f9,0x00001167,
	0x000200f8,0x00001157,0x000500c4,0x00000006,0x000011e7,0x00001626,0x000000e1,0x0004007c,
	0x0000005b,0x000011e8,0x000011e7,0x000500c3,0x0000005b,0x000011e9,0x000011e8,0x00000142,
	0x0004006f,0x00000025,0x000011ea,0x000011e9,0x00050085,0x00000025,0x000011eb,0x000011ea,
	0x00000145,0x0007000c,0x00000025,0x000011ec,0x00000001,0x00000028,0x000011eb,0x00000147,
	0x00050085,0x00000025,0x000011ee,0x000011ec,0x0000066d,0x000500c2,0x00000006,0x0000115b,
	0x00001626,0x000000e1,0x000500c4,0x00000006,0x000011f2,0x0000115b,0x000000e1,0x0004007c,
	0x0000005b,0x000011f3,0x000011f2,0x000500c3,0x0000005b,0x000011f4,0x000011f3,0x00000142,
	0x0004006f,0x00000025,0x000011f5,0x000011f4,0x00050085,0x00000025,0x000011f6,0x000011f5,
	0x00000145,0x0007000c,0x00000025,0x000011f7,0x00000001,0x00000028,0x000011f6,0x00000147,
	0x00050085,0x00000025,0x000011f9,0x000011f7,0x0000066d,0x00070050,0x0000003b,0x0000115d,
	0x000011ee,0x000011f9,0x000000c4,0x000000c4,0x000200f9,0x00001167,0x000200f8,0x00001153,
	0x0004007c,0x00000025,0x00001155,0x00001626,0x00070050,0x0000003b,0x00001156,0x00001155,
	0x000000c4,0x000000c4,0x000000c4,0x000200f9,0x00001167,0x000200f8,0x00001145,0x000500c7,
	0x00000006,0x00001172,0x00001626,0x000000e6,0x000500c7,0x00000006,0x00001174,0x00001626,
	0x000000ee,0x000500c2,0x00000006,0x00001176,0x00001172,0x000000f2,0x000500aa,0x000000cb,
	0x00001178,0x00001176,0x0000008b,0x000500ab,0x000000cb,0x0000117a,0x00001174,0x0000008b,
	0x000500a7,0x000000cb,0x0000117b,0x00001178,0x0000117a,0x000300f7,0x00001189,0x00000000,
	0x000400fa,0x0000117b,0x0000117c,0x00001189,0x000200f8,0x0000117c,0x0006000c,0x00000006,
	0x0000117e,0x00000001,0x0000004b,0x00001174,0x00050082,0x00000006,0x00001180,0x000000f2,
	0x0000117e,0x0004007c,0x0000005b,0x00001182,0x00001180,0x00050082,0x0000005b,0x00001183,
	0x00000101,0x00001182,0x0004007c,0x00000006,0x00001184,0x00001183,0x000500c4,0x00000006,
	0x00001187,0x00001174,0x00001180,0x000500c7,0x00000006,0x00001188,0x00001187,0x000000ee,
	0x000200f9,0x00001189,0x000200f8,0x00001189,0x000700f5,0x00000006,0x00001640,0x00001174,
	0x00001145,0x00001188,0x0000117c,0x000700f5,0x00000006,0x0000163f,0x00001176,0x00001145,
	0x00001184,0x0000117c,0x000500ab,0x000000cb,0x0000118b,0x00001172,0x0000008b,0x00050080,
	0x00000006,0x0000118d,0x0000163f,0x0000010d,0x000500c4,0x00000006,0x0000118e,0x0000118d,
	0x000000b6,0x000500c4,0x00000006,0x00001190,0x00001640,0x000000e1,0x000500c5,0x00000006,
	0x00001191,0x0000118e,0x00001190,0x0004007c,0x00000025,0x00001192,0x00001191,0x000600a9,
	0x00000025,0x00001193,0x0000118b,0x00001192,0x000000c4,0x000500c2,0x00000006,0x00001149,
	0x00001626,0x00000185,0x000500c7,0x00000006,0x0000119a,0x00001149,0x000000e6,0x000500c7,
	0x00000006,0x0000119c,0x00001149,0x000000ee,0x000500c2,0x00000006,0x0000119e,0x0000119a,
	0x000000f2,0x000500aa,0x000000cb,0x000011a0,0x0000119e,0x0000008b,0x000500ab,0x000000cb,
	0x000011a2,0x0000119c,0x0000008b,0x000500a7,0x000000cb,0x000011a3,0x000011a0,0x000011a2,
	0x000300f7,0x000011b1,0x00000000,0x000400fa,0x000011a3,0x000011a4,0x000011b1,0x000200f8,
	0x000011a4,0x0006000c,0x00000006,0x000011a6,0x00000001,0x0000004b,0x0000119c,0x00050082,
	0x00000006,0x000011a8,0x000000f2,0x000011a6,0x0004007c,0x0000005b,0x000011aa,0x000011a8,
	0x00050082,0x0000005b,0x000011ab,0x00000101,0x000011aa,0x0004007c,0x00000006,0x000011ac,
	0x000011ab,0x000500c4,0x00000006,0x000011af,0x0000119c,0x000011a8,0x000500c7,0x00000006,
	0x000011b0,0x000011af,0x000000ee,0x000200f9,0x000011b1,0x000200f8,0x000011b1,0x000700f5,
	0x00000006,0x00001642,0x0000119c,0x00001189,0x000011b0,0x000011a4,0x000700f5,0x00000006,
	0x00001641,0x0000119e,0x00001189,0x000011ac,0x000011a4,0x000500ab,0x000000cb,0x000011b3,
	0x0000119a,0x0000008b,0x00050080,0x00000006,0x000011b5,0x00001641,0x0000010d,0x000500c4,
	0x00000006,0x000011b6,0x000011b5,0x000000b6,0x000500c4,0x00000006,0x000011b8,0x00001642,
	0x000000e1,0x000500c5,0x00000006,0x000011b9,0x000011b6,0x000011b8,0x0004007c,0x00000025,
	0x000011ba,0x000011b9,0x000600a9,0x00000025,0x000011bb,0x000011b3,0x000011ba,0x000000c4,
	0x000500c2,0x00000006,0x0000114c,0x00001626,0x0000018d,0x000500c7,0x00000006,0x000011c2,
	0x0000114c,0x000000e6,0x000500c7,0x00000006,0x000011c4,0x0000114c,0x000000ee,0x000500c2,
	0x00000006,0x000011c6,0x000011c2,0x000000f2,0x000500aa,0x000000cb,0x000011c8,0x000011c6,
	0x0000008b,0x000500ab,0x000000cb,0x000011ca,0x000011c4,0x0000008b,0x000500a7,0x000000cb,
	0x000011cb,0x000011c8,0x000011ca,0x000300f7,0x000011d9,0x00000000,0x000400fa,0x000011cb,
	0x000011cc,0x000011d9,0x000200f8,0x000011cc,0x0006000c,0x00000006,0x000011ce,0x00000001,
	0x0000004b,0x000011c4,0x00050082,0x00000006,0x000011d0,0x000000f2,0x000011ce,0x0004007c,
	0x0000005b,0x000011d2,0x000011d0,0x00050082,0x0000005b,0x000011d3,0x00000101,0x000011d2,
	0x0004007c,0x00000006,0x000011d4,0x000011d3,0x000500c4,0x00000006,0x000011d7,0x000011c4,
	0x000011d0,0x000500c7,0x00000006,0x000011d8,0x000011d7,0x000000ee,0x000200f9,0x000011d9,
	0x000200f8,0x000011d9,0x000700f5,0x00000006,0x00001644,0x000011c4,0x000011b1,0x000011d8,
	0x000011cc,0x000700f5,0x00000006,0x00001643,0x000011c6,0x000011b1,0x000011d4,0x000011cc,
	0x000500ab,0x000000cb,0x000011db,0x000011c2,0x0000008b,0x00050080,0x00000006,0x000011dd,
	0x00001643,0x0000010d,0x000500c4,0x00000006,0x000011de,0x000011dd,0x000000b6,0x000500c4,
	0x00000006,0x000011e0,0x00001644,0x000000e1,0x000500c5,0x00000006,0x000011e1,0x000011de,
	0x000011e0,0x0004007c,0x00000025,0x000011e2,0x000011e1,0x000600a9,0x00000025,0x000011e3,
	0x000011db,0x000011e2,0x000000c4,0x000500c2,0x00000006,0x0000114f,0x00001626,0x00000196,
	0x00040070,0x00000025,0x00001150,0x0000114f,0x00050085,0x00000025,0x00001151,0x00001150,
	0x000001e5,0x00070050,0x0000003b,0x00001152,0x00001193,0x000011bb,0x000011e3,0x00001151,
	0x000200f9,0x00001167,0x000200f8,0x0000112f,0x000500c7,0x00000006,0x00001131,0x00001626,
	0x000000e6,0x00040070,0x00000025,0x00001132,0x00001131,0x000500c2,0x00000006,0x00001134,
	0x00001626,0x00000185,0x000500c7,0x00000006,0x00001135,0x00001134,0x000000e6,0x00040070,
	0x00000025,0x00001136,0x00001135,0x000500c2,0x00000006,0x00001138,0x00001626,0x0000018d,
	0x000500c7,0x00000006,0x00001139,0x00001138,0x000000e6,0x00040070,0x00000025,0x0000113a,
	0x00001139,0x00060050,0x000001de,0x0000113b,0x00001132,0x00001136,0x0000113a,0x0005008e,
	0x000001de,0x0000113c,0x0000113b,0x000001e0,0x000500c2,0x00000006,0x0000113e,0x00001626,
	0x00000196,0x00040070,0x00000025,0x0000113f,0x0000113e,0x00050085,0x00000025,0x00001140,
	0x0000113f,0x000001e5,0x00050051,0x00000025,0x00001141,0x0000113c,0x00000000,0x00050051,
	0x00000025,0x00001142,0x0000113c,0x00000001,0x00050051,0x00000025,0x00001143,0x0000113c,
	0x00000002,0x00070050,0x0000003b,0x00001144,0x00001141,0x00001142,0x00001143,0x00001140,
	0x000200f9,0x00001167,0x000200f8,0x0000111e,0x000500c7,0x00000006,0x00001120,0x00001626,
	0x0000009e,0x00040070,0x00000025,0x00001121,0x00001120,0x000500c2,0x00000006,0x00001123,
	0x00001626,0x00000168,0x000500c7,0x00000006,0x00001124,0x00001123,0x0000009e,0x00040070,
	0x00000025,0x00001125,0x00001124,0x000500c2,0x00000006,0x00001127,0x00001626,0x000000e1,
	0x000500c7,0x00000006,0x00001128,0x00001127,0x0000009e,0x00040070,0x00000025,0x00001129,
	0x00001128,0x000500c2,0x00000006,0x0000112b,0x00001626,0x000000d6,0x00040070,0x00000025,
	0x0000112c,0x0000112b,0x00070050,0x0000003b,0x0000112d,0x00001121,0x00001125,0x00001129,
	0x0000112c,0x0005008e,0x0000003b,0x0000112e,0x0000112d,0x00000139,0x000200f9,0x00001167,
	0x000200f8,0x0000111d,0x000200f9,0x00001167,0x000200f8,0x00001167,0x001100f5,0x0000003b,
	0x00001647,0x00000214,0x0000111d,0x0000112e,0x0000111e,0x00001144,0x0000112f,0x00001152,
	0x000011d9,0x00001156,0x00001153,0x0000115d,0x00001157,0x00001166,0x0000115e,0x000200f9,
	0x0000116a,0x000200f8,0x0000116a,0x000200f9,0x00000b3f,0x000200f8,0x00000b33,0x00050041,
	0x0000040d,0x00000e01,0x0000040c,0x00000360,0x0004003d,0x00000006,0x00000e02,0x00000e01,
	0x000500c2,0x00000006,0x00000e03,0x00000e02,0x000000f2,0x000500c7,0x00000006,0x00000e04,
	0x00000e03,0x00000088,0x000500ab,0x000000cb,0x00000e05,0x00000e04,0x0000008b,0x000600a9,
	0x00000006,0x00000e06,0x00000e05,0x00000088,0x0000008b,0x00050041,0x0000040d,0x00000e07,
	0x0000040c,0x00000360,0x0004003d,0x00000006,0x00000e08,0x00000e07,0x000500c2,0x00000006,
	0x00000e09,0x00000e08,0x00000416,0x000500c7,0x00000006,0x00000e0a,0x00000e09,0x00000088,
	0x000500ab,0x000000cb,0x00000e0b,0x00000e0a,0x0000008b,0x000600a9,0x00000006,0x00000e0c,
	0x00000e0b,0x0000016c,0x0000008b,0x000500c5,0x00000006,0x00000e0d,0x00000e06,0x00000e0c,
	0x00050041,0x0000040d,0x00000e0e,0x0000040c,0x00000373,0x0004003d,0x00000006,0x00000e0f,
	0x00000e0e,0x0003003e,0x00000dfa,0x000006d2,0x00050041,0x0000040d,0x00000e13,0x0000040c,
	0x0000038b,0x0004003d,0x00000006,0x00000e14,0x00000e13,0x000500c2,0x00000006,0x00000efd,
	0x00000e0f,0x000000a3,0x000500c7,0x00000006,0x00000efe,0x00000efd,0x000000a5,0x000500ae,
	0x000000cb,0x00000e4c,0x00000efe,0x0000016c,0x000600a9,0x00000006,0x00000e4d,0x00000e4c,
	0x00000088,0x0000008b,0x000500ae,0x000000cb,0x00000e4f,0x00000efe,0x00000088,0x000600a9,
	0x00000006,0x00000e50,0x00000e4f,0x00000088,0x0000008b,0x00050041,0x00000009,0x00000e51,
	0x00000dfa,0x0000008b,0x0004003d,0x00000006,0x00000e52,0x00000e51,0x000500c4,0x00000006,
	0x00000e54,0x00000e52,0x00000e4d,0x000500ae,0x000000cb,0x00000e56,0x00000efe,0x0000016c,
	0x000500c7,0x00000006,0x00000e58,0x000006d1,0x00000088,0x000600a9,0x00000006,0x00000e59,
	0x00000e56,0x00000e58,0x0000008b,0x00050080,0x00000006,0x00000e5a,0x00000e54,0x00000e59,
	0x00050041,0x00000009,0x00000e5b,0x00000dfa,0x00000088,0x0004003d,0x00000006,0x00000e5c,
	0x00000e5b,0x000500c4,0x00000006,0x00000e5e,0x00000e5c,0x00000e50,0x000500ae,0x000000cb,
	0x00000e60,0x00000efe,0x0000016c,0x000500c2,0x00000006,0x00000e62,0x000006d1,0x00000088,
	0x000500aa,0x000000cb,0x00000e64,0x00000efe,0x00000088,0x000600a9,0x00000006,0x00000e66,
	0x00000e64,0x000006d1,0x0000008b,0x000600a9,0x00000006,0x00000e67,0x00000e60,0x00000e62,
	0x00000e66,0x00050080,0x00000006,0x00000e68,0x00000e5e,0x00000e67,0x000500c2,0x00000006,
	0x00000f02,0x00000e0f,0x000000aa,0x000500c7,0x00000006,0x00000f03,0x00000f02,0x00000088,
	0x000500ab,0x000000cb,0x00000e6b,0x00000f03,0x0000008b,0x00050084,0x00000006,0x00000e6d,
	0x00000e5a,0x0000016c,0x00050080,0x00000006,0x00000e6f,0x00000e6d,0x00000088,0x000600a9,
	0x00000006,0x00000e71,0x00000e6b,0x00000e6f,0x00000e5a,0x00050086,0x00000006,0x00000e73,
	0x00000e71,0x000002a2,0x00050089,0x00000006,0x00000e75,0x00000e71,0x000002a2,0x000500c2,
	0x00000006,0x00000e77,0x00000e68,0x000002a9,0x000500c7,0x00000006,0x00000e79,0x00000e68,
	0x000000b8,0x000500c7,0x00000006,0x00000f07,0x00000e0f,0x00000097,0x000500c2,0x00000006,
	0x00000f0b,0x00000e0f,0x0000009c,0x000500c7,0x00000006,0x00000f0c,0x00000f0b,0x0000009e,
	0x000500c2,0x00000006,0x00000f10,0x00000e0f,0x000000aa,0x000500c7,0x00000006,0x00000f11,
	0x00000f10,0x00000088,0x000500c4,0x00000006,0x00000e81,0x00000f0c,0x00000f11,0x00050084,
	0x00000006,0x00000e82,0x00000e77,0x00000e81,0x00050080,0x00000006,0x00000e83,0x00000f07,
	0x00000e82,0x00050080,0x00000006,0x00000e85,0x00000e83,0x00000e73,0x000500c7,0x00000006,
	0x00000e86,0x00000e85,0x00000097,0x000500c7,0x00000006,0x00000f15,0x00000e14,0x00000097,
	0x00050082,0x00000006,0x00000e8a,0x00000e86,0x00000f15,0x000500c7,0x00000006,0x00000e8b,
	0x00000e8a,0x00000097,0x000500c2,0x00000006,0x00000f19,0x00000e14,0x0000009c,0x000500c7,
	0x00000006,0x00000f1a,0x00000f19,0x0000009e,0x000500c2,0x00000006,0x00000f1e,0x00000e14,
	0x000000aa,0x000500c7,0x00000006,0x00000f1f,0x00000f1e,0x00000088,0x000500c4,0x00000006,
	0x00000e90,0x00000f1a,0x00000f1f,0x00050089,0x00000006,0x00000e93,0x00000e8b,0x00000e90,
	0x00050086,0x00000006,0x00000e96,0x00000e8b,0x00000e90,0x000500c2,0x00000006,0x00000f23,
	0x00000e14,0x000000b0,0x000500c7,0x00000006,0x00000f24,0x00000f23,0x00000088,0x000500c2,
	0x00000006,0x00000f28,0x00000e0f,0x000000b0,0x000500c7,0x00000006,0x00000f29,0x00000f28,
	0x00000088,0x000500ab,0x000000cb,0x00000e9b,0x00000f24,0x00000f29,0x000300f7,0x00000ea0,
	0x00000000,0x000400fa,0x00000e9b,0x00000e9c,0x00000ea0,0x000200f8,0x00000e9c,0x00050080,
	0x00000006,0x00000e9e,0x00000e75,0x000002e0,0x00050089,0x00000006,0x00000e9f,0x00000e9e,
	0x000002a2,0x000200f9,0x00000ea0,0x000200f8,0x00000ea0,0x000700f5,0x00000006,0x00001648,
	0x00000e75,0x00000b33,0x00000e9f,0x00000e9c,0x000500c2,0x00000006,0x00000f2d,0x00000e14,
	0x000000a3,0x000500c7,0x00000006,0x00000f2e,0x00000f2d,0x000000a5,0x00050084,0x00000006,
	0x00000ea4,0x00000e93,0x000002a2,0x00050080,0x00000006,0x00000ea6,0x00000ea4,0x00001648,
	0x000500c2,0x00000006,0x00000f32,0x00000e14,0x000000aa,0x000500c7,0x00000006,0x00000f33,
	0x00000f32,0x00000088,0x000500ab,0x000000cb,0x00000ea9,0x00000f33,0x0000008b,0x000300f7,
	0x00000eaf,0x00000000,0x000400fa,0x00000ea9,0x00000eaa,0x00000eaf,0x000200f8,0x00000eaa,
	0x000500c2,0x00000006,0x00000eae,0x00000ea6,0x00000088,0x000200f9,0x00000eaf,0x000200f8,
	0x00000eaf,0x000700f5,0x00000006,0x00001649,0x00000ea6,0x00000ea0,0x00000eae,0x00000eaa,
	0x00050084,0x00000006,0x00000eb1,0x00000e96,0x000000e1,0x00050080,0x00000006,0x00000eb3,
	0x00000eb1,0x00000e79,0x000500ae,0x000000cb,0x00000eb5,0x00000f2e,0x0000016c,0x000600a9,
	0x00000006,0x00000eb6,0x00000eb5,0x00000088,0x0000008b,0x000500ae,0x000000cb,0x00000eb8,
	0x00000f2e,0x00000088,0x000600a9,0x00000006,0x00000eb9,0x00000eb8,0x00000088,0x0000008b,
	0x000500c2,0x00000006,0x00000ebc,0x00001649,0x00000eb6,0x0004007c,0x0000005b,0x00000ebd,
	0x00000ebc,0x000500c2,0x00000006,0x00000ec0,0x00000eb3,0x00000eb9,0x0004007c,0x0000005b,
	0x00000ec1,0x00000ec0,0x00050050,0x00000304,0x00000ec2,0x00000ebd,0x00000ec1,0x0004007c,
	0x0000005b,0x00000ec4,0x00000672,0x00050050,0x00000304,0x00000ec5,0x00000ec4,0x00000ec4,
	0x00050084,0x00000304,0x00000ec6,0x00000ec2,0x00000ec5,0x0004007c,0x00000304,0x00000ec8,
	0x000015d1,0x00050080,0x00000304,0x00000ec9,0x00000ec6,0x00000ec8,0x000500c7,0x00000006,
	0x00000ecc,0x00001649,0x00000eb6,0x000500c7,0x00000006,0x00000ecf,0x00000eb3,0x00000eb9,
	0x000500c4,0x00000006,0x00000ed1,0x00000ecf,0x00000eb6,0x000500c5,0x00000006,0x00000ed2,
	0x00000ecc,0x00000ed1,0x000500c2,0x00000006,0x00000f37,0x00000e14,0x000000bd,0x000500c7,
	0x00000006,0x00000f38,0x00000f37,0x000000a5,0x000500aa,0x000000cb,0x00000f3e,0x00000f38,
	0x000000a5,0x000300f7,0x00000f55,0x00000000,0x000400fa,0x00000f3e,0x00000f3f,0x00000f40,
	0x000200f8,0x00000f40,0x000500aa,0x000000cb,0x00000f42,0x00000f2e,0x00000088,0x000500aa,
	0x000000cb,0x00000f44,0x00000f38,0x00000088,0x000500a7,0x000000cb,0x00000f45,0x00000f42,
	0x00000f44,0x000300f7,0x00000f54,0x00000000,0x000400fa,0x00000f45,0x00000f46,0x00000f49,
	0x000200f8,0x00000f49,0x000500aa,0x000000cb,0x00000f4b,0x00000f2e,0x00000088,0x000500aa,
	0x000000cb,0x00000f4d,0x00000f38,0x0000016c,0x000500a7,0x000000cb,0x00000f4e,0x00000f4b,
	0x00000f4d,0x000300f7,0x00000f53,0x00000000,0x000400fa,0x00000f4e,0x00000f4f,0x00000f53,
	0x000200f8,0x00000f4f,0x000500ab,0x000000cb,0x00000f51,0x00000ed2,0x0000008b,0x000600a9,
	0x00000006,0x00000f52,0x00000f51,0x000000a5,0x0000008b,0x000200f9,0x00000f53,0x000200f8,
	0x00000f53,0x000700f5,0x00000006,0x00001674,0x00000ed2,0x00000f49,0x00000f52,0x00000f4f,
	0x000200f9,0x00000f54,0x000200f8,0x00000f46,0x000500c6,0x00000006,0x00000f48,0x00000ed2,
	0x00000088,0x000200f9,0x00000f54,0x000200f8,0x00000f54,0x000700f5,0x00000006,0x00001673,
	0x00000f48,0x00000f46,0x00001674,0x00000f53,0x000200f9,0x00000f55,0x000200f8,0x00000f3f,
	0x000200f9,0x00000f55,0x000200f8,0x00000f55,0x000700f5,0x00000006,0x00001672,0x0000008b,
	0x00000f3f,0x00001673,0x00000f54,0x0004003d,0x0000032c,0x00000ed8,0x0000032e,0x0004007c,
	0x0000005b,0x00000edb,0x00001672,0x0007005f,0x0000003b,0x00000edc,0x00000ed8,0x00000ec9,
	0x00000040,0x00000edb,0x0003003e,0x00000e3f,0x00000edc,0x000500c2,0x00000006,0x00000f5a,
	0x00000e14,0x000000b6,0x000500c7,0x00000006,0x00000f5b,0x00000f5a,0x000000b8,0x000500aa,
	0x000000cb,0x00000ee0,0x00000f5b,0x00000088,0x000500c7,0x00000006,0x00000ee2,0x00000e0d,
	0x0000016c,0x000500ab,0x000000cb,0x00000ee3,0x00000ee2,0x0000008b,0x000500a7,0x000000cb,
	0x00000ee4,0x00000ee0,0x00000ee3,0x000300f7,0x00000ef6,0x00000000,0x000400fa,0x00000ee4,
	0x00000ee5,0x00000ef6,0x000200f8,0x00000ee5,0x00050041,0x00000026,0x00000ee6,0x00000e3f,
	0x0000008b,0x0004003d,0x00000025,0x00000ee7,0x00000ee6,0x0008000c,0x00000025,0x00000f61,
	0x00000001,0x0000002b,0x00000ee7,0x000000c4,0x00000118,0x000500be,0x000000cb,0x00000f63,
	0x00000f61,0x0000011b,0x000300f7,0x00000f70,0x00000000,0x000400fa,0x00000f63,0x00000f64,
	0x00000f6a,0x000200f8,0x00000f6a,0x000500be,0x000000cb,0x00000f6c,0x00000f61,0x0000012d,
	0x000300f7,0x00000f6f,0x00000000,0x000400fa,0x00000f6c,0x00000f6d,0x00000f6e,0x000200f8,
	0x00000f6e,0x000200f9,0x00000f6f,0x000200f8,0x00000f6d,0x000200f9,0x00000f6f,0x000200f8,
	0x00000f6f,0x000700f5,0x00000025,0x0000167a,0x00000132,0x00000f6d,0x000000c4,0x00000f6e,
	0x000700f5,0x00000025,0x00001677,0x00000131,0x00000f6d,0x00000134,0x00000f6e,0x000200f9,
	0x00000f70,0x000200f8,0x00000f64,0x000500be,0x000000cb,0x00000f66,0x00000f61,0x00000120,
	0x000300f7,0x00000f69,0x00000000,0x000400fa,0x00000f66,0x00000f67,0x00000f68,0x000200f8,
	0x00000f68,0x000200f9,0x00000f69,0x000200f8,0x00000f67,0x000200f9,0x00000f69,0x000200f8,
	0x00000f69,0x000700f5,0x00000025,0x00001679,0x00000127,0x00000f67,0x0000012a,0x00000f68,
	0x000700f5,0x00000025,0x00001676,0x00000125,0x00000f67,0x00000129,0x00000f68,0x000200f9,
	0x00000f70,0x000200f8,0x00000f70,0x000700f5,0x00000025,0x00001678,0x00001679,0x00000f69,
	0x0000167a,0x00000f6f,0x000700f5,0x00000025,0x00001675,0x00001676,0x00000f69,0x00001677,
	0x00000f6f,0x00050085,0x00000025,0x00000f73,0x00000f61,0x00001675,0x0006000c,0x00000025,
	0x00000f74,0x00000001,0x00000003,0x00000f73,0x00050085,0x00000025,0x00000f75,0x00000f74,
	0x00000139,0x00050081,0x00000025,0x00000f77,0x00000f75,0x00001678,0x00050041,0x00000026,
	0x00000ee9,0x00000e3f,0x00000088,0x0004003d,0x00000025,0x00000eea,0x00000ee9,0x0008000c,
	0x00000025,0x00000f7d,0x00000001,0x0000002b,0x00000eea,0x000000c4,0x00000118,0x000500be,
	0x000000cb,0x00000f7f,0x00000f7d,0x0000011b,0x000300f7,0x00000f8c,0x00000000,0x000400fa,
	0x00000f7f,0x00000f80,0x00000f86,0x000200f8,0x00000f86,0x000500be,0x000000cb,0x00000f88,
	0x00000f7d,0x0000012d,0x000300f7,0x00000f8b,0x00000000,0x000400fa,0x00000f88,0x00000f89,
	0x00000f8a,0x000200f8,0x00000f8a,0x000200f9,0x00000f8b,0x000200f8,0x00000f89,0x000200f9,
	0x00000f8b,0x000200f8,0x00000f8b,0x000700f5,0x00000025,0x00001680,0x00000132,0x00000f89,
	0x000000c4,0x00000f8a,0x000700f5,0x00000025,0x0000167d,0x00000131,0x00000f89,0x00000134,
	0x00000f8a,0x000200f9,0x00000f8c,0x000200f8,0x00000f80,0x000500be,0x000000cb,0x00000f82,
	0x00000f7d,0x00000120,0x000300f7,0x00000f85,0x00000000,0x000400fa,0x00000f82,0x00000f83,
	0x00000f84,0x000200f8,0x00000f84,0x000200f9,0x00000f85,0x000200f8,0x00000f83,0x000200f9,
	0x00000f85,0x000200f8,0x00000f85,0x000700f5,0x00000025,0x0000167f,0x00000127,0x00000f83,
	0x0000012a,0x00000f84,0x000700f5,0x00000025,0x0000167c,0x00000125,0x00000f83,0x00000129,
	0x00000f84,0x000200f9,0x00000f8c,0x000200f8,0x00000f8c,0x000700f5,0x00000025,0x0000167e,
	0x0000167f,0x00000f85,0x00001680,0x00000f8b,0x000700f5,0x00000025,0x0000167b,0x0000167c,
	0x00000f85,0x0000167d,0x00000f8b,0x00050085,0x00000025,0x00000f8f,0x00000f7d,0x0000167b,
	0x0006000c,0x00000025,0x00000f90,0x00000001,0x00000003,0x00000f8f,0x00050085,0x00000025,
	0x00000f91,0x00000f90,0x00000139,0x00050081,0x00000025,0x00000f93,0x00000f91,0x0000167e,
	0x00050041,0x00000026,0x00000eec,0x00000e3f,0x0000016c,0x0004003d,0x00000025,0x00000eed,
	0x00000eec,0x0008000c,0x00000025,0x00000f99,0x00000001,0x0000002b,0x00000eed,0x000000c4,
	0x00000118,0x000500be,0x000000cb,0x00000f9b,0x00000f99,0x0000011b,0x000300f7,0x00000fa8,
	0x00000000,0x000400fa,0x00000f9b,0x00000f9c,0x00000fa2,0x000200f8,0x00000fa2,0x000500be,
	0x000000cb,0x00000fa4,0x00000f99,0x0000012d,0x000300f7,0x00000fa7,0x00000000,0x000400fa,
	0x00000fa4,0x00000fa5,0x00000fa6,0x000200f8,0x00000fa6,0x000200f9,0x00000fa7,0x000200f8,
	0x00000fa5,0x000200f9,0x00000fa7,0x000200f8,0x00000fa7,0x000700f5,0x00000025,0x00001686,
	0x00000132,0x00000fa5,0x000000c4,0x00000fa6,0x000700f5,0x00000025,0x00001683,0x00000131,
	0x00000fa5,0x00000134,0x00000fa6,0x000200f9,0x00000fa8,0x000200f8,0x00000f9c,0x000500be,
	0x000000cb,0x00000f9e,0x00000f99,0x00000120,0x000300f7,0x00000fa1,0x00000000,0x000400fa,
	0x00000f9e,0x00000f9f,0x00000fa0,0x000200f8,0x00000fa0,0x000200f9,0x00000fa1,0x000200f8,
	0x00000f9f,0x000200f9,0x00000fa1,0x000200f8,0x00000fa1,0x000700f5,0x00000025,0x00001685,
	0x00000127,0x00000f9f,0x0000012a,0x00000fa0,0x000700f5,0x00000025,0x00001682,0x00000125,
	0x00000f9f,0x00000129,0x00000fa0,0x000200f9,0x00000fa8,0x000200f8,0x00000fa8,0x000700f5,
	0x00000025,0x00001684,0x00001685,0x00000fa1,0x00001686,0x00000fa7,0x000700f5,0x00000025,
	0x00001681,0x00001682,0x00000fa1,0x00001683,0x00000fa7,0x00050085,0x00000025,0x00000fab,
	0x00000f99,0x00001681,0x0006000c,0x00000025,0x00000fac,0x00000001,0x00000003,0x00000fab,
	0x00050085,0x00000025,0x00000fad,0x00000fac,0x00000139,0x00050081,0x00000025,0x00000faf,
	0x00000fad,0x00001684,0x00050041,0x00000026,0x00000ef0,0x00000e3f,0x0000008b,0x0003003e,
	0x00000ef0,0x00000f77,0x00050041,0x00000026,0x00000ef2,0x00000e3f,0x00000088,0x0003003e,
	0x00000ef2,0x00000f93,0x00050041,0x00000026,0x00000ef4,0x00000e3f,0x0000016c,0x0003003e,
	0x00000ef4,0x00000faf,0x000200f9,0x00000ef6,0x000200f8,0x00000ef6,0x0004003d,0x0000003b,
	0x00000ef7,0x00000e3f,0x0003003e,0x00000e45,0x00000ef7,0x000200f9,0x00000fc9,0x000200f8,
	0x00000fc9,0x000300f7,0x00001009,0x00000000,0x001100fb,0x00000f5b,0x00000fcb,0x00000000,
	0x00000fcc,0x00000001,0x00000fcc,0x00000002,0x00000fdf,0x0000000a,0x00000fdf,0x00000003,
	0x00000ff2,0x0000000c,0x00000ff2,0x0000000e,0x00001005,0x000200f8,0x00001005,0x00050041,
	0x00000026,0x00001006,0x00000e45,0x0000008b,0x0004003d,0x00000025,0x00001007,0x00001006,
	0x0004007c,0x00000006,0x00001008,0x00001007,0x000200f9,0x00001009,0x000200f8,0x00000ff2,
	0x00050041,0x00000026,0x00000ff3,0x00000e45,0x0000008b,0x0004003d,0x00000025,0x00000ff4,
	0x00000ff3,0x0008000c,0x00000025,0x00001053,0x00000001,0x0000002b,0x00000ff4,0x000000c4,
	0x000000c5,0x0004007c,0x00000006,0x00001054,0x00001053,0x000500b0,0x000000cb,0x00001056,
	0x00001054,0x000000ca,0x000500c7,0x00000006,0x00001058,0x00001054,0x000000cf,0x000500c5,
	0x00000006,0x00001059,0x000000cd,0x00001058,0x000500c2,0x00000006,0x0000105b,0x00001054,
	0x000000b6,0x00050082,0x00000006,0x0000105c,0x000000d2,0x0000105b,0x0007000c,0x00000006,
	0x0000105d,0x00000001,0x00000026,0x0000105c,0x000000d6,0x000500c2,0x00000006,0x0000105e,
	0x00001059,0x0000105d,0x00050080,0x00000006,0x00001060,0x00001054,0x000000da,0x000600a9,
	0x00000006,0x00001061,0x00001056,0x0000105e,0x00001060,0x00050080,0x00000006,0x00001063,
	0x00001061,0x000000de,0x000500c2,0x00000006,0x00001065,0x00001061,0x000000e1,0x000500c7,
	0x00000006,0x00001066,0x00001065,0x00000088,0x00050080,0x00000006,0x00001067,0x00001063,
	0x00001066,0x000500c2,0x00000006,0x00001068,0x00001067,0x000000e1,0x000500c7,0x00000006,
	0x00001069,0x00001068,0x000000e6,0x00050041,0x00000026,0x00000ff6,0x00000e45,0x00000088,
	0x0004003d,0x00000025,0x00000ff7,0x00000ff6,0x0008000c,0x00000025,0x0000106f,0x00000001,
	0x0000002b,0x00000ff7,0x000000c4,0x000000c5,0x0004007c,0x00000006,0x00001070,0x0000106f,
	0x000500b0,0x000000cb,0x00001072,0x00001070,0x000000ca,0x000500c7,0x00000006,0x00001074,
	0x00001070,0x000000cf,0x000500c5,0x00000006,0x00001075,0x000000cd,0x00001074,0x000500c2,
	0x00000006,0x00001077,0x00001070,0x000000b6,0x00050082,0x00000006,0x00001078,0x000000d2,
	0x00001077,0x0007000c,0x00000006,0x00001079,0x00000001,0x00000026,0x00001078,0x000000d6,
	0x000500c2,0x00000006,0x0000107a,0x00001075,0x00001079,0x00050080,0x00000006,0x0000107c,
	0x00001070,0x000000da,0x000600a9,0x00000006,0x0000107d,0x00001072,0x0000107a,0x0000107c,
	0x00050080,0x00000006,0x0000107f,0x0000107d,0x000000de,0x000500c2,0x00000006,0x00001081,
	0x0000107d,0x000000e1,0x000500c7,0x00000006,0x00001082,0x00001081,0x00000088,0x00050080,
	0x00000006,0x00001083,0x0000107f,0x00001082,0x000500c2,0x00000006,0x00001084,0x00001083,
	0x000000e1,0x000500c7,0x00000006,0x00001085,0x00001084,0x000000e6,0x000500c4,0x00000006,
	0x00000ff9,0x00001085,0x00000185,0x000500c5,0x00000006,0x00000ffa,0x00001069,0x00000ff9,
	0x00050041,0x00000026,0x00000ffb,0x00000e45,0x0000016c,0x0004003d,0x00000025,0x00000ffc,
	0x00000ffb,0x0008000c,0x00000025,0x0000108b,0x00000001,0x0000002b,0x00000ffc,0x000000c4,
	0x000000c5,0x0004007c,0x00000006,0x0000108c,0x0000108b,0x000500b0,0x000000cb,0x0000108e,
	0x0000108c,0x000000ca,0x000500c7,0x00000006,0x00001090,0x0000108c,0x000000cf,0x000500c5,
	0x00000006,0x00001091,0x000000cd,0x00001090,0x000500c2,0x00000006,0x00001093,0x0000108c,
	0x000000b6,0x00050082,0x00000006,0x00001094,0x000000d2,0x00001093,0x0007000c,0x00000006,
	0x00001095,0x00000001,0x00000026,0x00001094,0x000000d6,0x000500c2,0x00000006,0x00001096,
	0x00001091,0x00001095,0x00050080,0x00000006,0x00001098,0x0000108c,0x000000da,0x000600a9,
	0x00000006,0x00001099,0x0000108e,0x00001096,0x00001098,0x00050080,0x00000006,0x0000109b,
	0x00001099,0x000000de,0x000500c2,0x00000006,0x0000109d,0x00001099,0x000000e1,0x000500c7,
	0x00000006,0x0000109e,0x0000109d,0x00000088,0x00050080,0x00000006,0x0000109f,0x0000109b,
	0x0000109e,0x000500c2,0x00000006,0x000010a0,0x0000109f,0x000000e1,0x000500c7,0x00000006,
	0x000010a1,0x000010a0,0x000000e6,0x000500c4,0x00000006,0x00000ffe,0x000010a1,0x0000018d,
	0x000500c5,0x00000006,0x00000fff,0x00000ffa,0x00000ffe,0x00050041,0x00000026,0x00001000,
	0x00000e45,0x000000a5,0x0004003d,0x00000025,0x00001001,0x00001000,0x0008000c,0x00000025,
	0x000010a5,0x00000001,0x0000002b,0x00001001,0x000000c4,0x00000118,0x00050085,0x00000025,
	0x000010a7,0x000010a5,0x00000190,0x00050081,0x00000025,0x000010a8,0x000010a7,0x00000151,
	0x0004006d,0x00000006,0x000010a9,0x000010a8,0x000500c4,0x00000006,0x00001003,0x000010a9,
	0x00000196,0x000500c5,0x00000006,0x00001004,0x00000fff,0x00001003,0x000200f9,0x00001009,
	0x000200f8,0x00000fdf,0x00050041,0x00000026,0x00000fe0,0x00000e45,0x0000008b,0x0004003d,
	0x00000025,0x00000fe1,0x00000fe0,0x0008000c,0x00000025,0x00001031,0x00000001,0x0000002b,
	0x00000fe1,0x000000c4,0x00000118,0x00050085,0x00000025,0x00001033,0x00001031,0x00000134,
	0x00050081,0x00000025,0x00001034,0x00001033,0x00000151,0x0004006d,0x00000006,0x00001035,
	0x00001034,0x00050041,0x00000026,0x00000fe3,0x00000e45,0x00000088,0x0004003d,0x00000025,
	0x00000fe4,0x00000fe3,0x0008000c,0x00000025,0x00001039,0x00000001,0x0000002b,0x00000fe4,
	0x000000c4,0x00000118,0x00050085,0x00000025,0x0000103b,0x00001039,0x00000134,0x00050081,
	0x00000025,0x0000103c,0x0000103b,0x00000151,0x0004006d,0x00000006,0x0000103d,0x0000103c,
	0x000500c4,0x00000006,0x00000fe6,0x0000103d,0x00000185,0x000500c5,0x00000006,0x00000fe7,
	0x00001035,0x00000fe6,0x00050041,0x00000026,0x00000fe8,0x00000e45,0x0000016c,0x0004003d,
	0x00000025,0x00000fe9,0x00000fe8,0x0008000c,0x00000025,0x00001041,0x00000001,0x0000002b,
	0x00000fe9,0x000000c4,0x00000118,0x00050085,0x00000025,0x00001043,0x00001041,0x00000134,
	0x00050081,0x00000025,0x00001044,0x00001043,0x00000151,0x0004006d,0x00000006,0x00001045,
	0x00001044,0x000500c4,0x00000006,0x00000feb,0x00001045,0x0000018d,0x000500c5,0x00000006,
	0x00000fec,0x00000fe7,0x00000feb,0x00050041,0x00000026,0x00000fed,0x00000e45,0x000000a5,
	0x0004003d,0x00000025,0x00000fee,0x00000fed,0x0008000c,0x00000025,0x00001049,0x00000001,
	0x0000002b,0x00000fee,0x000000c4,0x00000118,0x00050085,0x00000025,0x0000104b,0x00001049,
	0x00000190,0x00050081,0x00000025,0x0000104c,0x0000104b,0x00000151,0x0004006d,0x00000006,
	0x0000104d,0x0000104c,0x000500c4,0x00000006,0x00000ff0,0x0000104d,0x00000196,0x000500c5,
	0x00000006,0x00000ff1,0x00000fec,0x00000ff0,0x000200f9,0x00001009,0x000200f8,0x00000fcc,
	0x00050041,0x00000026,0x00000fcd,0x00000e45,0x0000008b,0x0004003d,0x00000025,0x00000fce,
	0x00000fcd,0x0008000c,0x00000025,0x00001011,0x00000001,0x0000002b,0x00000fce,0x000000c4,
	0x00000118,0x00050085,0x00000025,0x00001013,0x00001011,0x0000015d,0x00050081,0x00000025,
	0x00001014,0x00001013,0x00000151,0x0004006d,0x00000006,0x00001015,0x00001014,0x00050041,
	0x00000026,0x00000fd0,0x00000e45,0x00000088,0x0004003d,0x00000025,0x00000fd1,0x00000fd0,
	0x0008000c,0x00000025,0x00001019,0x00000001,0x0000002b,0x00000fd1,0x000000c4,0x00000118,
	0x00050085,0x00000025,0x0000101b,0x00001019,0x0000015d,0x00050081,0x00000025,0x0000101c,
	0x0000101b,0x00000151,0x0004006d,0x00000006,0x0000101d,0x0000101c,0x000500c4,0x00000006,
	0x00000fd3,0x0000101d,0x00000168,0x000500c5,0x00000006,0x00000fd4,0x00001015,0x00000fd3,
	0x00050041,0x00000026,0x00000fd5,0x00000e45,0x0000016c,0x0004003d,0x00000025,0x00000fd6,
	0x00000fd5,0x0008000c,0x00000025,0x00001021,0x00000001,0x0000002b,0x00000fd6,0x000000c4,
	0x00000118,0x00050085,0x00000025,0x00001023,0x00001021,0x0000015d,0x00050081,0x00000025,
	0x00001024,0x00001023,0x00000151,0x0004006d,0x00000006,0x00001025,0x00001024,0x000500c4,
	0x00000006,0x00000fd8,0x00001025,0x000000e1,0x000500c5,0x00000006,0x00000fd9,0x00000fd4,
	0x00000fd8,0x00050041,0x00000026,0x00000fda,0x00000e45,0x000000a5,0x0004003d,0x00000025,
	0x00000fdb,0x00000fda,0x0008000c,0x00000025,0x00001029,0x00000001,0x0000002b,0x00000fdb,
	0x000000c4,0x00000118,0x00050085,0x00000025,0x0000102b,0x00001029,0x0000015d,0x00050081,
	0x00000025,0x0000102c,0x0000102b,0x00000151,0x0004006d,0x00000006,0x0000102d,0x0000102c,
	0x000500c4,0x00000006,0x00000fdd,0x0000102d,0x000000d6,0x000500c5,0x00000006,0x00000fde,
	0x00000fd9,0x00000fdd,0x000200f9,0x00001009,0x000200f8,0x00000fcb,0x000200f9,0x00001009,
	0x000200f8,0x00001009,0x000d00f5,0x00000006,0x00001689,0x0000008b,0x00000fcb,0x00000fde,
	0x00000fcc,0x00000ff1,0x00000fdf,0x00001004,0x00000ff2,0x00001008,0x00001005,0x000200f9,
	0x0000100c,0x000200f8,0x0000100c,0x00050050,0x00000007,0x00000b38,0x00001626,0x00001689,
	0x0003003e,0x00000b26,0x00000b38,0x000200f9,0x000010b2,0x000200f8,0x000010b2,0x000300f7,
	0x000010e1,0x00000000,0x000900fb,0x00000b1c,0x000010b4,0x00000005,0x000010b5,0x00000007,
	0x000010c5,0x0000000f,0x000010d9,0x000200f8,0x000010d9,0x00050041,0x00000009,0x000010da,
	0x00000b26,0x0000008b,0x0004003d,0x00000006,0x000010db,0x000010da,0x0004007c,0x00000025,
	0x000010dc,0x000010db,0x00050041,0x00000009,0x000010dd,0x00000b26,0x00000088,0x0004003d,
	0x00000006,0x000010de,0x000010dd,0x0004007c,0x00000025,0x000010df,0x000010de,0x00070050,
	0x0000003b,0x000010e0,0x000010dc,0x000010df,0x000000c4,0x000000c4,0x000200f9,0x000010e1,
	0x000200f8,0x000010c5,0x00050041,0x00000009,0x000010c6,0x00000b26,0x0000008b,0x0004003d,
	0x00000006,0x000010c7,0x000010c6,0x0006000c,0x0000020b,0x000010c8,0x00000001,0x0000003e,
	0x000010c7,0x00050051,0x00000025,0x000010c9,0x000010c8,0x00000000,0x00050041,0x00000009,
	0x000010ca,0x00000b26,0x0000008b,0x0004003d,0x00000006,0x000010cb,0x000010ca,0x000500c2,
	0x00000006,0x000010cc,0x000010cb,0x000000e1,0x0006000c,0x0000020b,0x000010cd,0x00000001,
	0x0000003e,0x000010cc,0x00050051,0x00000025,0x000010ce,0x000010cd,0x00000000,0x00050041,
	0x00000009,0x000010cf,0x00000b26,0x00000088,0x0004003d,0x00000006,0x000010d0,0x000010cf,
	0x0006000c,0x0000020b,0x000010d1,0x00000001,0x0000003e,0x000010d0,0x00050051,0x00000025,
	0x000010d2,0x000010d1,0x00000000,0x00050041,0x00000009,0x000010d3,0x00000b26,0x00000088,
	0x0004003d,0x00000006,0x000010d4,0x000010d3,0x000500c2,0x00000006,0x000010d5,0x000010d4,
	0x000000e1,0x0006000c,0x0000020b,0x000010d6,0x00000001,0x0000003e,0x000010d5,0x00050051,
	0x00000025,0x000010d7,0x000010d6,0x00000000,0x00070050,0x0000003b,0x000010d8,0x000010c9,
	0x000010ce,0x000010d2,0x000010d7,0x000200f9,0x000010e1,0x000200f8,0x000010b5,0x00050041,
	0x00000009,0x000010b6,0x00000b26,0x0000008b,0x0004003d,0x00000006,0x000010b7,0x000010b6,
	0x000500c4,0x00000006,0x000010e9,0x000010b7,0x000000e1,0x0004007c,0x0000005b,0x000010ea,
	0x000010e9,0x000500c3,0x0000005b,0x000010eb,0x000010ea,0x00000142,0x0004006f,0x00000025,
	0x000010ec,0x000010eb,0x00050085,0x00000025,0x000010ed,0x000010ec,0x00000145,0x0007000c,
	0x00000025,0x000010ee,0x00000001,0x00000028,0x000010ed,0x00000147,0x00050085,0x00000025,
	0x000010f0,0x000010ee,0x0000066d,0x00050041,0x00000009,0x000010b9,0x00000b26,0x0000008b,
	0x0004003d,0x00000006,0x000010ba,0x000010b9,0x000500c2,0x00000006,0x000010bb,0x000010ba,
	0x000000e1,0x000500c4,0x00000006,0x000010f4,0x000010bb,0x000000e1,0x0004007c,0x0000005b,
	0x000010f5,0x000010f4,0x000500c3,0x0000005b,0x000010f6,0x000010f5,0x00000142,0x0004006f,
	0x00000025,0x000010f7,0x000010f6,0x00050085,0x00000025,0x000010f8,0x000010f7,0x00000145,
	0x0007000c,0x00000025,0x000010f9,0x00000001,0x00000028,0x000010f8,0x00000147,0x00050085,
	0x00000025,0x000010fb,0x000010f9,0x0000066d,0x00050041,0x00000009,0x000010bd,0x00000b26,
	0x00000088,0x0004003d,0x00000006,0x000010be,0x000010bd,0x000500c4,0x00000006,0x000010ff,
	0x000010be,0x000000e1,0x0004007c,0x0000005b,0x00001100,0x000010ff,0x000500c3,0x0000005b,
	0x00001101,0x00001100,0x00000142,0x0004006f,0x00000025,0x00001102,0x00001101,0x00050085,
	0x00000025,0x00001103,0x00001102,0x00000145,0x0007000c,0x00000025,0x00001104,0x00000001,
	0x00000028,0x00001103,0x00000147,0x00050085,0x00000025,0x00001106,0x00001104,0x0000066d,
	0x00050041,0x00000009,0x000010c0,0x00000b26,0x00000088,0x0004003d,0x00000006,0x000010c1,
	0x000010c0,0x000500c2,0x00000006,0x000010c2,0x000010c1,0x000000e1,0x000500c4,0x00000006,
	0x0000110a,0x000010c2,0x000000e1,0x0004007c,0x0000005b,0x0000110b,0x0000110a,0x000500c3,
	0x0000005b,0x0000110c,0x0000110b,0x00000142,0x0004006f,0x00000025,0x0000110d,0x0000110c,
	0x00050085,0x00000025,0x0000110e,0x0000110d,0x00000145,0x0007000c,0x00000025,0x0000110f,
	0x00000001,0x00000028,0x0000110e,0x00000147,0x00050085,0x00000025,0x00001111,0x0000110f,
	0x0000066d,0x00070050,0x0000003b,0x000010c4,0x000010f0,0x000010fb,0x00001106,0x00001111,
	0x000200f9,0x000010e1,0x000200f8,0x000010b4,0x000200f9,0x000010e1,0x000200f8,0x000010e1,
	0x000b00f5,0x0000003b,0x000016a0,0x00000214,0x000010b4,0x000010c4,0x000010b5,0x000010d8,
	0x000010c5,0x000010e0,0x000010d9,0x000200f9,0x000010e4,0x000200f8,0x000010e4,0x000200f9,
	0x00000b3f,0x000200f8,0x00000b3f,0x000700f5,0x0000003b,0x000016a1,0x000016a0,0x000010e4,
	0x00001647,0x0000116a,0x0004003d,0x0000003b,0x000006d5,0x0000061d,0x00050081,0x0000003b,
	0x000006d6,0x000006d5,0x000016a1,0x0003003e,0x0000061d,0x000006d6,0x000200f9,0x000006d7,
	0x000200f8,0x000006d7,0x00050080,0x00000006,0x000006d9,0x000015d2,0x00000101,0x000200f9,
	0x000006c9,0x000200f8,0x000006da,0x00040070,0x00000025,0x000006dc,0x000015d4,0x00050088,
	0x00000025,0x000006dd,0x00000118,0x000006dc,0x0004003d,0x0000003b,0x000006de,0x0000061d,
	0x0005008e,0x0000003b,0x000006df,0x000006de,0x000006dd,0x00050041,0x0000040d,0x000006e0,
	0x0000040c,0x00000360,0x0004003d,0x00000006,0x000006e1,0x000006e0,0x000500c4,0x00000006,
	0x000006e2,0x000006e1,0x000000e1,0x0004007c,0x0000005b,0x000006e3,0x000006e2,0x000500c3,
	0x0000005b,0x000006e4,0x000006e3,0x00000518,0x00050080,0x0000005b,0x000006e6,0x0000051a,
	0x000006e4,0x0004007c,0x00000006,0x000006e7,0x000006e6,0x000500c4,0x00000006,0x000006e8,
	0x000006e7,0x000000b6,0x0004007c,0x00000025,0x000006e9,0x000006e8,0x0005008e,0x0000003b,
	0x000006eb,0x000006df,0x000006e9,0x0003003e,0x0000061d,0x000006eb,0x00050041,0x0000040d,
	0x000006ec,0x0000040c,0x00000360,0x0004003d,0x00000006,0x000006ed,0x000006ec,0x000500c2,
	0x00000006,0x000006ee,0x000006ed,0x00000524,0x000500c7,0x00000006,0x000006ef,0x000006ee,
	0x00000088,0x000500ab,0x000000cb,0x000006f0,0x000006ef,0x0000008b,0x000300f7,0x000006f4,
	0x00000000,0x000400fa,0x000006f0,0x000006f1,0x000006f4,0x000200f8,0x000006f1,0x0004003d,
	0x0000003b,0x000006f2,0x0000061d,0x0009004f,0x0000003b,0x000006f3,0x000006f2,0x000006f2,
	0x00000002,0x00000001,0x00000000,0x00000003,0x0003003e,0x0000061d,0x000006f3,0x000200f9,
	0x000006f4,0x000200f8,0x000006f4,0x000500aa,0x000000cb,0x000006f6,0x00000683,0x0000008b,
	0x000300f7,0x0000077d,0x00000000,0x000400fa,0x000006f6,0x000006f7,0x00000700,0x000200f8,
	0x00000700,0x000500aa,0x000000cb,0x00000702,0x00000683,0x00000088,0x000300f7,0x0000077c,
	0x00000000,0x000400fa,0x00000702,0x00000703,0x0000070c,0x000200f8,0x0000070c,0x000500aa,
	0x000000cb,0x0000070e,0x00000683,0x0000016c,0x000300f7,0x0000077b,0x00000000,0x000400fa,
	0x0000070e,0x0000070f,0x00000719,0x000200f8,0x00000719,0x000500aa,0x000000cb,0x0000071b,
	0x00000683,0x00000562,0x000300f7,0x0000077a,0x00000000,0x000400fa,0x0000071b,0x0000071c,
	0x00000749,0x000200f8,0x00000749,0x00050041,0x00000026,0x0000074a,0x0000061d,0x0000008b,
	0x0004003d,0x00000025,0x0000074b,0x0000074a,0x00050050,0x0000020b,0x0000074c,0x0000074b,
	0x000000c4,0x0006000c,0x00000006,0x0000074d,0x00000001,0x0000003a,0x0000074c,0x00050041,
	0x00000026,0x0000074e,0x0000061d,0x00000088,0x0004003d,0x00000025,0x0000074f,0x0000074e,
	0x00050050,0x0000020b,0x00000750,0x0000074f,0x000000c4,0x0006000c,0x00000006,0x00000751,
	0x00000001,0x0000003a,0x00000750,0x000500c4,0x00000006,0x00000752,0x00000751,0x000000e1,
	0x000500c5,0x00000006,0x00000753,0x0000074d,0x00000752,0x00050041,0x00000026,0x00000754,
	0x0000061d,0x0000016c,0x0004003d,0x00000025,0x00000755,0x00000754,0x00050050,0x0000020b,
	0x00000756,0x00000755,0x000000c4,0x0006000c,0x00000006,0x00000757,0x00000001,0x0000003a,
	0x00000756,0x00050041,0x00000026,0x00000758,0x0000061d,0x000000a5,0x0004003d,0x00000025,
	0x00000759,0x00000758,0x00050050,0x0000020b,0x0000075a,0x00000759,0x000000c4,0x0006000c,
	0x00000006,0x0000075b,0x00000001,0x0000003a,0x0000075a,0x000500c4,0x00000006,0x0000075c,
	0x0000075b,0x000000e1,0x000500c5,0x00000006,0x0000075d,0x00000757,0x0000075c,0x00050050,
	0x00000007,0x0000075e,0x00000753,0x0000075d,0x0003003e,0x00000644,0x0000075e,0x000500c2,
	0x0000005b,0x00000760,0x000015d8,0x00000373,0x00050041,0x00000009,0x00000762,0x00000644,
	0x0000008b,0x0004003d,0x00000006,0x00000763,0x00000762,0x000500aa,0x000000cb,0x00001530,
	0x00000687,0x00000088,0x000300f7,0x00001554,0x00000000,0x000400fa,0x00001530,0x00001531,
	0x00001539,0x000200f8,0x00001539,0x000500aa,0x000000cb,0x0000153b,0x00000687,0x0000016c,
	0x000300f7,0x00001553,0x00000000,0x000400fa,0x0000153b,0x0000153c,0x00001549,0x000200f8,
	0x00001549,0x000500aa,0x000000cb,0x0000154b,0x00000687,0x000000a5,0x000300f7,0x00001552,
	0x00000000,0x000400fa,0x0000154b,0x0000154c,0x00001552,0x000200f8,0x0000154c,0x000500c4,
	0x00000006,0x0000154e,0x00000763,0x000000e1,0x000500c2,0x00000006,0x00001550,0x00000763,
	0x000000e1,0x000500c5,0x00000006,0x00001551,0x0000154e,0x00001550,0x000200f9,0x00001552,
	0x000200f8,0x00001552,0x000700f5,0x00000006,0x000015db,0x00000763,0x00001549,0x00001551,
	0x0000154c,0x000200f9,0x00001553,0x000200f8,0x0000153c,0x000500c7,0x00000006,0x0000153e,
	0x00000763,0x000003e3,0x000500c4,0x00000006,0x0000153f,0x0000153e,0x00000168,0x000500c7,
	0x00000006,0x00001541,0x00000763,0x000003e7,0x000500c2,0x00000006,0x00001542,0x00001541,
	0x00000168,0x000500c5,0x00000006,0x00001543,0x0000153f,0x00001542,0x000500c4,0x00000006,
	0x00001545,0x00001543,0x000000e1,0x000500c2,0x00000006,0x00001547,0x00001543,0x000000e1,
	0x000500c5,0x00000006,0x00001548,0x00001545,0x00001547,0x000200f9,0x00001553,0x000200f8,
	0x00001553,0x000700f5,0x00000006,0x000015da,0x00001548,0x0000153c,0x000015db,0x00001552,
	0x000200f9,0x00001554,0x000200f8,0x00001531,0x000500c7,0x00000006,0x00001533,0x00000763,
	0x000003e3,0x000500c4,0x00000006,0x00001534,0x00001533,0x00000168,0x000500c7,0x00000006,
	0x00001536,0x00000763,0x000003e7,0x000500c2,0x00000006,0x00001537,0x00001536,0x00000168,
	0x000500c5,0x00000006,0x00001538,0x00001534,0x00001537,0x000200f9,0x00001554,0x000200f8,
	0x00001554,0x000700f5,0x00000006,0x000015d9,0x00001538,0x00001531,0x000015da,0x00001553,
	0x000200f9,0x0000157d,0x000200f8,0x0000157d,0x00060041,0x000004ef,0x0000076c,0x000004e3,
	0x00000464,0x00000760,0x0003003e,0x0000076c,0x000015d9,0x00050080,0x0000005b,0x0000076e,
	0x00000760,0x00000101,0x000200f9,0x000015a6,0x000200f8,0x000015a6,0x00050041,0x00000009,
	0x00000773,0x00000644,0x00000088,0x0004003d,0x00000006,0x00000774,0x00000773,0x000500aa,
	0x000000cb,0x000015ab,0x00000687,0x00000088,0x000300f7,0x000015cf,0x00000000,0x000400fa,
	0x000015ab,0x000015ac,0x000015b4,0x000200f8,0x000015b4,0x000500aa,0x000000cb,0x000015b6,
	0x00000687,0x0000016c,0x000300f7,0x000015ce,0x00000000,0x000400fa,0x000015b6,0x000015b7,
	0x000015c4,0x000200f8,0x000015c4,0x000500aa,0x000000cb,0x000015c6,0x00000687,0x000000a5,
	0x000300f7,0x000015cd,0x00000000,0x000400fa,0x000015c6,0x000015c7,0x000015cd,0x000200f8,
	0x000015c7,0x000500c4,0x00000006,0x000015c9,0x00000774,0x000000e1,0x000500c2,0x00000006,
	0x000015cb,0x00000774,0x000000e1,0x000500c5,0x00000006,0x000015cc,0x000015c9,0x000015cb,
	0x000200f9,0x000015cd,0x000200f8,0x000015cd,0x000700f5,0x00000006,0x000015e4,0x00000774,
	0x000015c4,0x000015cc,0x000015c7,0x000200f9,0x000015ce,0x000200f8,0x000015b7,0x000500c7,
	0x00000006,0x000015b9,0x00000774,0x000003e3,0x000500c4,0x00000006,0x000015ba,0x000015b9,
	0x00000168,0x000500c7,0x00000006,0x000015bc,0x00000774,0x000003e7,0x000500c2,0x00000006,
	0x000015bd,0x000015bc,0x00000168,0x000500c5,0x00000006,0x000015be,0x000015ba,0x000015bd,
	0x000500c4,0x00000006,0x000015c0,0x000015be,0x000000e1,0x000500c2,0x00000006,0x000015c2,
	0x000015be,0x000000e1,0x000500c5,0x00000006,0x000015c3,0x000015c0,0x000015c2,0x000200f9,
	0x000015ce,0x000200f8,0x000015ce,0x000700f5,0x00000006,0x000015e3,0x000015c3,0x000015b7,
	0x000015e4,0x000015cd,0x000200f9,0x000015cf,0x000200f8,0x000015ac,0x000500c7,0x00000006,
	0x000015ae,0x00000774,0x000003e3,0x000500c4,0x00000006,0x000015af,0x000015ae,0x00000168,
	0x000500c7,0x00000006,0x000015b1,0x00000774,0x000003e7,0x000500c2,0x00000006,0x000015b2,
	0x000015b1,0x00000168,0x000500c5,0x00000006,0x000015b3,0x000015af,0x000015b2,0x000200f9,
	0x000015cf,0x000200f8,0x000015cf,0x000700f5,0x00000006,0x000015e2,0x000015b3,0x000015ac,
	0x000015e3,0x000015ce,0x00060041,0x000004ef,0x00000779,0x000004e3,0x00000464,0x0000076e,
	0x0003003e,0x00000779,0x000015e2,0x000200f9,0x0000077a,0x000200f8,0x0000071c,0x00050041,
	0x00000026,0x0000071d,0x0000061d,0x0000008b,0x0004003d,0x00000025,0x0000071e,0x0000071d,
	0x0008000c,0x00000025,0x0000146c,0x00000001,0x0000002b,0x0000071e,0x000000c4,0x00000118,
	0x00050085,0x00000025,0x0000146e,0x0000146c,0x00000567,0x00050081,0x00000025,0x0000146f,
	0x0000146e,0x00000151,0x0004006d,0x00000006,0x00001470,0x0000146f,0x00050041,0x00000026,
	0x00000720,0x0000061d,0x00000088,0x0004003d,0x00000025,0x00000721,0x00000720,0x0008000c,
	0x00000025,0x00001474,0x00000001,0x0000002b,0x00000721,0x000000c4,0x00000118,0x00050085,
	0x00000025,0x00001476,0x00001474,0x00000567,0x00050081,0x00000025,0x00001477,0x00001476,
	0x00000151,0x0004006d,0x00000006,0x00001478,0x00001477,0x000500c4,0x00000006,0x00000723,
	0x00001478,0x000000e1,0x000500c5,0x00000006,0x00000724,0x00001470,0x00000723,0x00050041,
	0x00000026,0x00000725,0x0000061d,0x0000016c,0x0004003d,0x00000025,0x00000726,0x00000725,
	0x0008000c,0x00000025,0x0000147c,0x00000001,0x0000002b,0x00000726,0x000000c4,0x00000118,
	0x00050085,0x00000025,0x0000147e,0x0000147c,0x00000567,0x00050081,0x00000025,0x0000147f,
	0x0000147e,0x00000151,0x0004006d,0x00000006,0x00001480,0x0000147f,0x00050041,0x00000026,
	0x00000728,0x0000061d,0x000000a5,0x0004003d,0x00000025,0x00000729,0x00000728,0x0008000c,
	0x00000025,0x00001484,0x00000001,0x0000002b,0x00000729,0x000000c4,0x00000118,0x00050085,
	0x00000025,0x00001486,0x00001484,0x00000567,0x00050081,0x00000025,0x00001487,0x00001486,
	0x00000151,0x0004006d,0x00000006,0x00001488,0x00001487,0x000500c4,0x00000006,0x0000072b,
	0x00001488,0x000000e1,0x000500c5,0x00000006,0x0000072c,0x00001480,0x0000072b,0x00050050,
	0x00000007,0x0000072d,0x00000724,0x0000072c,0x0003003e,0x00000632,0x0000072d,0x000500c2,
	0x0000005b,0x0000072f,0x000015d8,0x00000373,0x00050041,0x00000009,0x00000731,0x00000632,
	0x0000008b,0x0004003d,0x00000006,0x00000732,0x00000731,0x000500aa,0x000000cb,0x0000148c,
	0x00000687,0x00000088,0x000300f7,0x000014b0,0x00000000,0x000400fa,0x0000148c,0x0000148d,
	0x00001495,0x000200f8,0x00001495,0x000500aa,0x000000cb,0x00001497,0x00000687,0x0000016c,
	0x000300f7,0x000014af,0x00000000,0x000400fa,0x00001497,0x00001498,0x000014a5,0x000200f8,
	0x000014a5,0x000500aa,0x000000cb,0x000014a7,0x00000687,0x000000a5,0x000300f7,0x000014ae,
	0x00000000,0x000400fa,0x000014a7,0x000014a8,0x000014ae,0x000200f8,0x000014a8,0x000500c4,
	0x00000006,0x000014aa,0x00000732,0x000000e1,0x000500c2,0x00000006,0x000014ac,0x00000732,
	0x000000e1,0x000500c5,0x00000006,0x000014ad,0x000014aa,0x000014ac,0x000200f9,0x000014ae,
	0x000200f8,0x000014ae,0x000700f5,0x00000006,0x000015e7,0x00000732,0x000014a5,0x000014ad,
	0x000014a8,0x000200f9,0x000014af,0x000200f8,0x00001498,0x000500c7,0x00000006,0x0000149a,
	0x00000732,0x000003e3,0x000500c4,0x00000006,0x0000149b,0x0000149a,0x00000168,0x000500c7,
	0x00000006,0x0000149d,0x00000732,0x000003e7,0x000500c2,0x00000006,0x0000149e,0x0000149d,
	0x00000168,0x000500c5,0x00000006,0x0000149f,0x0000149b,0x0000149e,0x000500c4,0x00000006,
	0x000014a1,0x0000149f,0x000000e1,0x000500c2,0x00000006,0x000014a3,0x0000149f,0x000000e1,
	0x000500c5,0x00000006,0x000014a4,0x000014a1,0x000014a3,0x000200f9,0x000014af,0x000200f8,
	0x000014af,0x000700f5,0x00000006,0x000015e6,0x000014a4,0x00001498,0x000015e7,0x000014ae,
	0x000200f9,0x000014b0,0x000200f8,0x0000148d,0x000500c7,0x00000006,0x0000148f,0x00000732,
	0x000003e3,0x000500c4,0x00000006,0x00001490,0x0000148f,0x00000168,0x000500c7,0x00000006,
	0x00001492,0x00000732,0x000003e7,0x000500c2,0x00000006,0x00001493,0x00001492,0x00000168,
	0x000500c5,0x00000006,0x00001494,0x00001490,0x00001493,0x000200f9,0x000014b0,0x000200f8,
	0x000014b0,0x000700f5,0x00000006,0x000015e5,0x00001494,0x0000148d,0x000015e6,0x000014af,
	0x000200f9,0x000014d9,0x000200f8,0x000014d9,0x00060041,0x000004ef,0x0000073b,0x000004e3,
	0x00000464,0x0000072f,0x0003003e,0x0000073b,0x000015e5,0x00050080,0x0000005b,0x0000073d,
	0x0000072f,0x00000101,0x000200f9,0x00001502,0x000200f8,0x00001502,0x00050041,0x00000009,
	0x00000742,0x00000632,0x00000088,0x0004003d,0x00000006,0x00000743,0x00000742,0x000500aa,
	0x000000cb,0x00001507,0x00000687,0x00000088,0x000300f7,0x0000152b,0x00000000,0x000400fa,
	0x00001507,0x00001508,0x00001510,0x000200f8,0x00001510,0x000500aa,0x000000cb,0x00001512,
	0x00000687,0x0000016c,0x000300f7,0x0000152a,0x00000000,0x000400fa,0x00001512,0x00001513,
	0x00001520,0x000200f8,0x00001520,0x000500aa,0x000000cb,0x00001522,0x00000687,0x000000a5,
	0x000300f7,0x00001529,0x00000000,0x000400fa,0x00001522,0x00001523,0x00001529,0x000200f8,
	0x00001523,0x000500c4,0x00000006,0x00001525,0x00000743,0x000000e1,0x000500c2,0x00000006,
	0x00001527,0x00000743,0x000000e1,0x000500c5,0x00000006,0x00001528,0x00001525,0x00001527,
	0x000200f9,0x00001529,0x000200f8,0x00001529,0x000700f5,0x00000006,0x000015f0,0x00000743,
	0x00001520,0x00001528,0x00001523,0x000200f9,0x0000152a,0x000200f8,0x00001513,0x000500c7,
	0x00000006,0x00001515,0x00000743,0x000003e3,0x000500c4,0x00000006,0x00001516,0x00001515,
	0x00000168,0x000500c7,0x00000006,0x00001518,0x00000743,0x000003e7,0x000500c2,0x00000006,
	0x00001519,0x00001518,0x00000168,0x000500c5,0x00000006,0x0000151a,0x00001516,0x00001519,
	0x000500c4,0x00000006,0x0000151c,0x0000151a,0x000000e1,0x000500c2,0x00000006,0x0000151e,
	0x0000151a,0x000000e1,0x000500c5,0x00000006,0x0000151f,0x0000151c,0x0000151e,0x000200f9,
	0x0000152a,0x000200f8,0x0000152a,0x000700f5,0x00000006,0x000015ef,0x0000151f,0x00001513,
	0x000015f0,0x00001529,0x000200f9,0x0000152b,0x000200f8,0x00001508,0x000500c7,0x00000006,
	0x0000150a,0x00000743,0x000003e3,0x000500c4,0x00000006,0x0000150b,0x0000150a,0x00000168,
	0x000500c7,0x00000006,0x0000150d,0x00000743,0x000003e7,0x000500c2,0x00000006,0x0000150e,
	0x0000150d,0x00000168,0x000500c5,0x00000006,0x0000150f,0x0000150b,0x0000150e,0x000200f9,
	0x0000152b,0x000200f8,0x0000152b,0x000700f5,0x00000006,0x000015ee,0x0000150f,0x00001508,
	0x000015ef,0x0000152a,0x00060041,0x000004ef,0x00000748,0x000004e3,0x00000464,0x0000073d,
	0x0003003e,0x00000748,0x000015ee,0x000200f9,0x0000077a,0x000200f8,0x0000077a,0x000200f9,
	0x0000077b,0x000200f8,0x0000070f,0x000500c2,0x0000005b,0x00000711,0x000015d8,0x00000373,
	0x00050041,0x00000026,0x00000713,0x0000061d,0x0000008b,0x0004003d,0x00000025,0x00000714,
	0x00000713,0x0004007c,0x00000006,0x00000715,0x00000714,0x000500aa,0x000000cb,0x00001443,
	0x00000687,0x00000088,0x000300f7,0x00001467,0x00000000,0x000400fa,0x00001443,0x00001444,
	0x0000144c,0x000200f8,0x0000144c,0x000500aa,0x000000cb,0x0000144e,0x00000687,0x0000016c,
	0x000300f7,0x00001466,0x00000000,0x000400fa,0x0000144e,0x0000144f,0x0000145c,0x000200f8,
	0x0000145c,0x000500aa,0x000000cb,0x0000145e,0x00000687,0x000000a5,0x000300f7,0x00001465,
	0x00000000,0x000400fa,0x0000145e,0x0000145f,0x00001465,0x000200f8,0x0000145f,0x000500c4,
	0x00000006,0x00001461,0x00000715,0x000000e1,0x000500c2,0x00000006,0x00001463,0x00000715,
	0x000000e1,0x000500c5,0x00000006,0x00001464,0x00001461,0x00001463,0x000200f9,0x00001465,
	0x000200f8,0x00001465,0x000700f5,0x00000006,0x000015f3,0x00000715,0x0000145c,0x00001464,
	0x0000145f,0x000200f9,0x00001466,0x000200f8,0x0000144f,0x000500c7,0x00000006,0x00001451,
	0x00000715,0x000003e3,0x000500c4,0x00000006,0x00001452,0x00001451,0x00000168,0x000500c7,
	0x00000006,0x00001454,0x00000715,0x000003e7,0x000500c2,0x00000006,0x00001455,0x00001454,
	0x00000168,0x000500c5,0x00000006,0x00001456,0x00001452,0x00001455,0x000500c4,0x00000006,
	0x00001458,0x00001456,0x000000e1,0x000500c2,0x00000006,0x0000145a,0x00001456,0x000000e1,
	0x000500c5,0x00000006,0x0000145b,0x00001458,0x0000145a,0x000200f9,0x00001466,0x000200f8,
	0x00001466,0x000700f5,0x00000006,0x000015f2,0x0000145b,0x0000144f,0x000015f3,0x00001465,
	0x000200f9,0x00001467,0x000200f8,0x00001444,0x000500c7,0x00000006,0x00001446,0x00000715,
	0x000003e3,0x000500c4,0x00000006,0x00001447,0x00001446,0x00000168,0x000500c7,0x00000006,
	0x00001449,0x00000715,0x000003e7,0x000500c2,0x00000006,0x0000144a,0x00001449,0x00000168,
	0x000500c5,0x00000006,0x0000144b,0x00001447,0x0000144a,0x000200f9,0x00001467,0x000200f8,
	0x00001467,0x000700f5,0x00000006,0x000015f1,0x0000144b,0x00001444,0x000015f2,0x00001466,
	0x00060041,0x000004ef,0x00000718,0x000004e3,0x00000464,0x00000711,0x0003003e,0x00000718,
	0x000015f1,0x000200f9,0x0000077b,0x000200f8,0x0000077b,0x000200f9,0x0000077c,0x000200f8,
	0x00000703,0x000500c2,0x0000005b,0x00000705,0x000015d8,0x00000373,0x0004003d,0x0000003b,
	0x00000707,0x0000061d,0x0003003e,0x0000062b,0x00000707,0x000200f9,0x00001336,0x000200f8,
	0x00001336,0x000200f9,0x0000134c,0x000200f8,0x0000134c,0x00050041,0x00000026,0x0000134d,
	0x0000062b,0x0000008b,0x0004003d,0x00000025,0x0000134e,0x0000134d,0x0008000c,0x00000025,
	0x0000139e,0x00000001,0x0000002b,0x0000134e,0x000000c4,0x00000118,0x00050085,0x00000025,
	0x000013a0,0x0000139e,0x00000134,0x00050081,0x00000025,0x000013a1,0x000013a0,0x00000151,
	0x0004006d,0x00000006,0x000013a2,0x000013a1,0x00050041,0x00000026,0x00001350,0x0000062b,
	0x00000088,0x0004003d,0x00000025,0x00001351,0x00001350,0x0008000c,0x00000025,0x000013a6,
	0x00000001,0x0000002b,0x00001351,0x000000c4,0x00000118,0x00050085,0x00000025,0x000013a8,
	0x000013a6,0x00000134,0x00050081,0x00000025,0x000013a9,0x000013a8,0x00000151,0x0004006d,
	0x00000006,0x000013aa,0x000013a9,0x000500c4,0x00000006,0x00001353,0x000013aa,0x00000185,
	0x000500c5,0x00000006,0x00001354,0x000013a2,0x00001353,0x00050041,0x00000026,0x00001355,
	0x0000062b,0x0000016c,0x0004003d,0x00000025,0x00001356,0x00001355,0x0008000c,0x00000025,
	0x000013ae,0x00000001,0x0000002b,0x00001356,0x000000c4,0x00000118,0x00050085,0x00000025,
	0x000013b0,0x000013ae,0x00000134,0x00050081,0x00000025,0x000013b1,0x000013b0,0x00000151,
	0x0004006d,0x00000006,0x000013b2,0x000013b1,0x000500c4,0x00000006,0x00001358,0x000013b2,
	0x0000018d,0x000500c5,0x00000006,0x00001359,0x00001354,0x00001358,0x00050041,0x00000026,
	0x0000135a,0x0000062b,0x000000a5,0x0004003d,0x00000025,0x0000135b,0x0000135a,0x0008000c,
	0x00000025,0x000013b6,0x00000001,0x0000002b,0x0000135b,0x000000c4,0x00000118,0x00050085,
	0x00000025,0x000013b8,0x000013b6,0x00000190,0x00050081,0x00000025,0x000013b9,0x000013b8,
	0x00000151,0x0004006d,0x00000006,0x000013ba,0x000013b9,0x000500c4,0x00000006,0x0000135d,
	0x000013ba,0x00000196,0x000500c5,0x00000006,0x0000135e,0x00001359,0x0000135d,0x000200f9,
	0x00001376,0x000200f8,0x00001376,0x000200f9,0x00001379,0x000200f8,0x00001379,0x000500aa,
	0x000000cb,0x0000141a,0x00000687,0x00000088,0x000300f7,0x0000143e,0x00000000,0x000400fa,
	0x0000141a,0x0000141b,0x00001423,0x000200f8,0x00001423,0x000500aa,0x000000cb,0x00001425,
	0x00000687,0x0000016c,0x000300f7,0x0000143d,0x00000000,0x000400fa,0x00001425,0x00001426,
	0x00001433,0x000200f8,0x00001433,0x000500aa,0x000000cb,0x00001435,0x00000687,0x000000a5,
	0x000300f7,0x0000143c,0x00000000,0x000400fa,0x00001435,0x00001436,0x0000143c,0x000200f8,
	0x00001436,0x000500c4,0x00000006,0x00001438,0x0000135e,0x000000e1,0x000500c2,0x00000006,
	0x0000143a,0x0000135e,0x000000e1,0x000500c5,0x00000006,0x0000143b,0x00001438,0x0000143a,
	0x000200f9,0x0000143c,0x000200f8,0x0000143c,0x000700f5,0x00000006,0x000015f9,0x0000135e,
	0x00001433,0x0000143b,0x00001436,0x000200f9,0x0000143d,0x000200f8,0x00001426,0x000500c7,
	0x00000006,0x00001428,0x0000135e,0x000003e3,0x000500c4,0x00000006,0x00001429,0x00001428,
	0x00000168,0x000500c7,0x00000006,0x0000142b,0x0000135e,0x000003e7,0x000500c2,0x00000006,
	0x0000142c,0x0000142b,0x00000168,0x000500c5,0x00000006,0x0000142d,0x00001429,0x0000142c,
	0x000500c4,0x00000006,0x0000142f,0x0000142d,0x000000e1,0x000500c2,0x00000006,0x00001431,
	0x0000142d,0x000000e1,0x000500c5,0x00000006,0x00001432,0x0000142f,0x00001431,0x000200f9,
	0x0000143d,0x000200f8,0x0000143d,0x000700f5,0x00000006,0x000015f8,0x00001432,0x00001426,
	0x000015f9,0x0000143c,0x000200f9,0x0000143e,0x000200f8,0x0000141b,0x000500c7,0x00000006,
	0x0000141d,0x0000135e,0x000003e3,0x000500c4,0x00000006,0x0000141e,0x0000141d,0x00000168,
	0x000500c7,0x00000006,0x00001420,0x0000135e,0x000003e7,0x000500c2,0x00000006,0x00001421,
	0x00001420,0x00000168,0x000500c5,0x00000006,0x00001422,0x0000141e,0x00001421,0x000200f9,
	0x0000143e,0x000200f8,0x0000143e,0x000700f5,0x00000006,0x000015f7,0x00001422,0x0000141b,
	0x000015f8,0x0000143d,0x00060041,0x000004ef,0x0000070b,0x000004e3,0x00000464,0x00000705,
	0x0003003e,0x0000070b,0x000015f7,0x000200f9,0x0000077c,0x000200f8,0x0000077c,0x000200f9,
	0x0000077d,0x000200f8,0x000006f7,0x000500c2,0x0000005b,0x000006f9,0x000015d8,0x00000373,
	0x0004003d,0x0000003b,0x000006fb,0x0000061d,0x0003003e,0x00000626,0x000006fb,0x000200f9,
	0x00001213,0x000200f8,0x00001213,0x000200f9,0x00001216,0x000200f8,0x00001216,0x00050041,
	0x00000026,0x00001217,0x00000626,0x0000008b,0x0004003d,0x00000025,0x00001218,0x00001217,
	0x0008000c,0x00000025,0x0000125b,0x00000001,0x0000002b,0x00001218,0x000000c4,0x00000118,
	0x00050085,0x00000025,0x0000125d,0x0000125b,0x0000015d,0x00050081,0x00000025,0x0000125e,
	0x0000125d,0x00000151,0x0004006d,0x00000006,0x0000125f,0x0000125e,0x00050041,0x00000026,
	0x0000121a,0x00000626,0x00000088,0x0004003d,0x00000025,0x0000121b,0x0000121a,0x0008000c,
	0x00000025,0x00001263,0x00000001,0x0000002b,0x0000121b,0x000000c4,0x00000118,0x00050085,
	0x00000025,0x00001265,0x00001263,0x0000015d,0x00050081,0x00000025,0x00001266,0x00001265,
	0x00000151,0x0004006d,0x00000006,0x00001267,0x00001266,0x000500c4,0x00000006,0x0000121d,
	0x00001267,0x00000168,0x000500c5,0x00000006,0x0000121e,0x0000125f,0x0000121d,0x00050041,
	0x00000026,0x0000121f,0x00000626,0x0000016c,0x0004003d,0x00000025,0x00001220,0x0000121f,
	0x0008000c,0x00000025,0x0000126b,0x00000001,0x0000002b,0x00001220,0x000000c4,0x00000118,
	0x00050085,0x00000025,0x0000126d,0x0000126b,0x0000015d,0x00050081,0x00000025,0x0000126e,
	0x0000126d,0x00000151,0x0004006d,0x00000006,0x0000126f,0x0000126e,0x000500c4,0x00000006,
	0x00001222,0x0000126f,0x000000e1,0x000500c5,0x00000006,0x00001223,0x0000121e,0x00001222,
	0x00050041,0x00000026,0x00001224,0x00000626,0x000000a5,0x0004003d,0x00000025,0x00001225,
	0x00001224,0x0008000c,0x00000025,0x00001273,0x00000001,0x0000002b,0x00001225,0x000000c4,
	0x00000118,0x00050085,0x00000025,0x00001275,0x00001273,0x0000015d,0x00050081,0x00000025,
	0x00001276,0x00001275,0x00000151,0x0004006d,0x00000006,0x00001277,0x00001276,0x000500c4,
	0x00000006,0x00001227,0x00001277,0x000000d6,0x000500c5,0x00000006,0x00001228,0x00001223,
	0x00001227,0x000200f9,0x00001253,0x000200f8,0x00001253,0x000200f9,0x00001256,0x000200f8,
	0x00001256,0x000500aa,0x000000cb,0x000012f7,0x00000687,0x00000088,0x000300f7,0x0000131b,
	0x00000000,0x000400fa,0x000012f7,0x000012f8,0x00001300,0x000200f8,0x00001300,0x000500aa,
	0x000000cb,0x00001302,0x00000687,0x0000016c,0x000300f7,0x0000131a,0x00000000,0x000400fa,
	0x00001302,0x00001303,0x00001310,0x000200f8,0x00001310,0x000500aa,0x000000cb,0x00001312,
	0x00000687,0x000000a5,0x000300f7,0x00001319,0x00000000,0x000400fa,0x00001312,0x00001313,
	0x00001319,0x000200f8,0x00001313,0x000500c4,0x00000006,0x00001315,0x00001228,0x000000e1,
	0x000500c2,0x00000006,0x00001317,0x00001228,0x000000e1,0x000500c5,0x00000006,0x00001318,
	0x00001315,0x00001317,0x000200f9,0x00001319,0x000200f8,0x00001319,0x000700f5,0x00000006,
	0x000015ff,0x00001228,0x00001310,0x00001318,0x00001313,0x000200f9,0x0000131a,0x000200f8,
	0x00001303,0x000500c7,0x00000006,0x00001305,0x00001228,0x000003e3,0x000500c4,0x00000006,
	0x00001306,0x00001305,0x00000168,0x000500c7,0x00000006,0x00001308,0x00001228,0x000003e7,
	0x000500c2,0x00000006,0x00001309,0x00001308,0x00000168,0x000500c5,0x00000006,0x0000130a,
	0x00001306,0x00001309,0x000500c4,0x00000006,0x0000130c,0x0000130a,0x000000e1,0x000500c2,
	0x00000006,0x0000130e,0x0000130a,0x000000e1,0x000500c5,0x00000006,0x0000130f,0x0000130c,
	0x0000130e,0x000200f9,0x0000131a,0x000200f8,0x0000131a,0x000700f5,0x00000006,0x000015fe,
	0x0000130f,0x00001303,0x000015ff,0x00001319,0x000200f9,0x0000131b,0x000200f8,0x000012f8,
	0x000500c7,0x00000006,0x000012fa,0x00001228,0x000003e3,0x000500c4,0x00000006,0x000012fb,
	0x000012fa,0x00000168,0x000500c7,0x00000006,0x000012fd,0x00001228,0x000003e7,0x000500c2,
	0x00000006,0x000012fe,0x000012fd,0x00000168,0x000500c5,0x00000006,0x000012ff,0x000012fb,
	0x000012fe,0x000200f9,0x0000131b,0x000200f8,0x0000131b,0x000700f5,0x00000006,0x000015fd,
	0x000012ff,0x000012f8,0x000015fe,0x0000131a,0x00060041,0x000004ef,0x000006ff,0x000004e3,
	0x00000464,0x000006f9,0x0003003e,0x000006ff,0x000015fd,0x000200f9,0x0000077d,0x000200f8,
	0x0000077d,0x000200f9,0x0000077e,0x000200f8,0x0000077e,0x000100fd,0x00010038
};
